ISSN,IMPACT_FACTOR
0165-0505,0.489
0965-2140,5.952999999999999
1040-1237,1.4669999999999999
0022-2496,2.176
0022-250X,0.517
1478-4092,3.667
0743-5584,1.964
0309-2402,2.267
0378-4266,1.931
1094-3412,1.7690000000000001
1176-7529,0.809
0894-9085,0.857
0021-8499,2.3280000000000003
1369-6815,1.196
0963-8024,0.821
1092-6771,0.698
0737-0016,0.525
0091-7710,0.605
0075-4242,0.609
0095-0696,2.635
0095-0696,2.635
0095-8964,2.472
0270-2592,1.265
0920-8550,1.426
0094-5145,1.53
0949-6181,0.794
1356-9325,0.20600000000000002
8756-6222,0.948
1050-8406,3.0
0961-0006,1.089
1042-9573,2.0980000000000003
0167-6296,3.25
1086-296X,1.71
0911-6044,1.547
0894-3796,4.229
0890-765X,1.7619999999999998
0743-0167,2.658
0305-0009,1.791
1053-8712,1.133
0883-7252,2.336
2211-3681,2.432
0021-9347,0.5710000000000001
1755-5345,0.78
1083-6101,4.0
1072-0537,0.889
0022-0078,1.86
1469-5405,1.672
0022-1465,2.617
0022-1465,2.617
1096-9012,1.102
0270-7314,1.339
1056-4926,1.7930000000000001
0737-6782,4.305
1937-321X,0.8240000000000001
0890-8567,6.25
1351-0126,1.702
0022-3956,4.0
1465-1211,0.627
0022-4367,1.6059999999999999
1049-3867,2.151
0889-3268,2.576
0886-3520,0.10300000000000001
0730-8884,2.276
0258-6770,1.797
2329-8456,1.861
2329-8456,1.861
1076-898X,1.7180000000000002
0022-2437,3.8539999999999996
0022-2445,2.802
1077-6990,1.706
1435-5930,1.324
2194-6361,0.7120000000000001
0022-166X,6.531000000000001
1474-7456,1.093
1359-1835,0.9570000000000001
1053-1858,3.907
0966-0429,1.912
1078-4659,1.369
0143-814X,1.262
1077-291X,0.732
0003-0651,0.5379999999999999
1438-3608,0.5379999999999999
0044-3751,0.276
0256-5250,0.05
1058-0476,0.924
0363-1990,0.33299999999999996
2054-0892,1.0290000000000001
1471-1893,2.0269999999999997
1537-7814,0.19699999999999998
0010-0285,3.1039999999999996
1535-3958,4.918
0011-0000,1.348
0308-275X,0.532
1467-2715,0.875
1205-8629,0.607
0891-3811,1.091
0210-9395,0.418
0892-6794,1.045
0014-1801,0.29100000000000004
0091-2131,0.955
1890-3991,0.192
1042-1629,1.7280000000000002
2469-6463,0.852
0212-4521,0.672
1467-2227,0.556
1752-4032,1.36
1752-4032,1.36
1473-7167,1.797
0717-7356,0.713
1523-3812,3.864
2043-8206,10.214
0211-9536,0.314
1076-9242,1.186
0300-4430,0.8240000000000001
1385-3783,0.308
2212-828X,1.159
0165-1889,1.579
1350-178X,0.884
8756-5641,2.333
0163-9625,1.242
0951-0893,1.276
1754-0739,3.78
0932-4569,0.179
0047-2506,6.1979999999999995
0213-6163,0.396
0885-6257,0.851
0261-9768,1.239
0340-8744,0.706
1076-8998,3.766
1076-8998,3.766
0927-7099,1.038
0927-7099,1.038
0747-5632,3.536
0731-7115,0.862
0269-9931,2.563
0885-2014,1.44
0263-7758,2.4659999999999997
0308-518X,2.1519999999999997
0825-8597,0.882
0306-6150,3.815
0891-5245,1.45
0891-5245,1.45
1362-1025,1.24
1130-5274,0.324
0305-0068,1.579
0021-9118,0.917
0968-7599,1.212
0361-3666,1.5959999999999999
2211-6958,1.136
0921-8009,3.895
1354-067X,0.9259999999999999
1076-9986,2.233
0022-0663,4.433
0953-5314,2.4290000000000003
0938-2259,1.1079999999999999
0266-4666,1.069
0013-063X,0.541
1525-2531,0.039
0162-3737,2.4859999999999998
0046-1121,0.5920000000000001
0301-4215,4.039
1469-1930,3.634
1740-4754,1.25
1744-2648,1.127
0014-4029,3.34
1210-7778,0.8
0022-3506,3.483
1096-4037,3.6
1359-1045,1.705
0887-302X,0.85
1444-3058,0.311
0012-3846,0.46299999999999997
0012-3846,0.46299999999999997
0013-0079,1.188
0891-2424,0.917
1035-3046,0.887
0376-8716,3.322
0895-9048,1.5859999999999999
0261-3794,1.203
0969-9988,1.6130000000000002
0013-791X,2.0
1534-8458,0.511
1569-2159,0.69
1361-4916,1.023
1618-4742,1.966
1867-0717,1.758
1538-7216,1.104
0966-8136,0.8420000000000001
0026-3206,0.265
1751-2271,1.63
0027-0520,0.69
1225-4657,0.263
0167-5133,1.5
2055-6225,1.395
0022-4499,2.9210000000000003
0966-9582,3.3289999999999997
0022-4871,3.18
1092-7875,1.821
0960-1627,2.714
1555-7960,0.9
2198-3526,0.5710000000000001
0738-2480,0.635
0023-9216,1.625
0026-4695,1.784
0026-4695,1.784
1523-4614,1.795
0027-3171,3.6910000000000003
0028-6060,2.0
0048-3486,1.395
1466-7681,1.1059999999999999
1469-6053,2.0
0736-7236,1.304
0022-4529,0.257
0895-2841,0.522
1540-9996,2.097
1538-6341,2.45
1016-3271,0.138
0022-4537,2.225
0047-2786,0.491
0047-2794,2.261
0022-4545,1.227
1043-7797,1.0
1543-4494,1.4340000000000002
1018-8827,3.553
0889-8480,0.26899999999999996
1098-6065,1.393
0362-9805,1.304
0731-7107,0.531
1356-7500,1.9069999999999998
1473-3285,1.867
1077-5595,2.984
0009-398X,2.225
0009-398X,2.225
0190-7409,1.383
0361-929X,1.139
1462-2203,4.291
1074-3529,0.96
0966-7903,0.8640000000000001
1037-6178,0.6729999999999999
0362-6784,0.755
0021-4027,0.456
1868-6346,1.0
0927-5371,1.0659999999999998
1092-4388,1.906
1527-0025,1.107
0193-7235,1.093
0737-8831,0.759
1474-5151,2.6510000000000002
1680-2012,0.6940000000000001
1048-6682,1.633
0332-5865,0.41700000000000004
1356-9775,0.667
0129-797X,0.9059999999999999
1178-1653,2.66
0160-6379,1.365
0029-8077,0.568
0197-6664,1.7269999999999999
1468-0777,1.4669999999999999
1937-1888,2.616
0740-5472,2.602
1618-7598,2.6010000000000004
0959-6801,1.87
0929-1261,0.653
0023-8333,1.655
1568-4555,1.195
0161-1461,0.887
0954-3945,1.172
0300-3930,1.44
0305-8034,0.09699999999999999
1878-9714,0.34
0032-7034,0.33799999999999997
0032-7034,0.33799999999999997
1545-1151,1.8619999999999999
1389-4986,2.594
0042-2533,1.75
0363-8111,1.3780000000000001
0048-5950,1.392
1094-9054,0.377
1436-3798,2.872
1315-2378,0.125
1747-0218,2.19
1360-8746,2.155
0278-4807,1.351
1046-4964,1.163
1747-5341,1.222
0951-5089,1.0759999999999998
1608-9685,0.35600000000000004
0104-1290,0.526
0967-0106,2.71
0955-1662,0.609
0040-747X,0.653
0191-491X,1.099
1075-8216,1.4809999999999999
0921-4771,0.429
1931-3896,2.117
1068-316X,1.598
0342-183X,0.46299999999999997
1049-7323,2.4130000000000003
1363-951X,0.7759999999999999
1058-4609,2.738
1665-2037,0.741
0032-3179,1.339
0373-2630,0.222
0305-7356,1.275
0277-3945,0.431
1502-2250,1.235
0734-6018,0.519
1742-4755,2.0140000000000002
0891-4222,1.82
1940-4921,0.855
1138-7416,0.629
1044-5005,3.8
1061-6934,0.6940000000000001
1304-2947,0.141
0363-0234,2.984
0363-0234,2.984
1359-8546,3.833
0040-165X,0.493
0040-1625,3.1289999999999996
1527-4764,1.135
0033-295X,7.23
0956-7976,6.127999999999999
1350-6285,1.3430000000000002
1874-785X,0.857
1867-1748,1.104
1867-1748,1.104
0032-3217,1.706
1094-4281,4.918
1582-456X,0.462
0034-7590,0.40399999999999997
0586-7614,6.944
0143-0343,1.103
0048-7333,4.6610000000000005
0157-244X,1.568
1541-6577,0.488
0739-8859,0.992
0928-7655,1.92
1529-9732,2.6060000000000003
1877-5756,1.255
0360-0025,2.024
2040-8021,2.2
1965-0175,2.647
0090-6514,0.226
0042-0859,2.1
0271-2075,1.25
0305-4985,1.393
1662-4246,1.867
0958-3440,2.206
1353-3452,1.859
1897-7499,0.25
0034-5806,0.344
1380-6653,1.588
0305-6244,1.032
0096-1442,0.261
2374-3859,0.21600000000000003
0258-2473,0.302
2078-5585,0.27699999999999997
2222-3436,0.505
0162-2439,2.9410000000000003
1476-1270,2.225
1532-3005,1.661
1618-8667,2.782
0042-0905,0.295
0811-1146,1.286
0883-7066,0.852
0033-2623,0.36
0165-1781,2.2230000000000003
0736-9735,0.8240000000000001
1541-132X,1.25
1132-239X,0.922
0486-6134,0.579
0718-0934,0.196
1206-3312,0.73
0041-1655,3.338
1464-9365,1.5730000000000002
0253-3952,0.426
0951-631X,0.473
0964-6639,1.25
0964-6639,1.25
0265-0525,0.545
0144-5596,1.4180000000000001
2211-9736,1.7790000000000001
1386-1204,0.09699999999999999
0162-5748,1.297
0212-6109,0.43799999999999994
0889-938X,0.767
2119-4130,0.579
1475-1461,3.016
0038-0288,0.43200000000000005
0081-1750,1.85
1363-4615,1.5
0103-3786,0.255
1869-6716,2.521
0033-0337,1.17
0273-2173,0.5489999999999999
0038-0385,2.537
1355-2554,1.8630000000000002
0019-7262,0.18899999999999997
1617-9846,1.032
1749-5679,2.244
0020-577X,0.033
1557-1874,1.192
1445-8330,2.033
1752-4458,1.694
0167-8760,2.8680000000000003
0020-8523,1.9880000000000002
1059-0560,1.318
1021-7762,0.545
1552-8014,0.754
1064-590X,0.5429999999999999
1522-7219,1.2890000000000001
0959-3780,6.371
1526-3800,3.237
1470-2266,1.587
1064-2684,1.614
0740-624X,4.0089999999999995
0278-6133,3.177
2164-8034,0.22899999999999998
1467-0895,0.9690000000000001
0018-9391,1.416
1403-6096,1.167
0267-3037,1.639
0018-7143,0.6
0360-3989,2.364
0300-7839,1.642
0300-7839,1.642
2041-4161,1.526
1875-0281,1.4469999999999998
1492-3831,1.8259999999999998
1012-6902,1.9140000000000001
0020-7284,0.319
2199-9023,0.6
1748-5908,4.345
0020-8833,2.148
1521-9488,1.631
0016-7185,2.5660000000000003
2047-3087,0.904
1749-8198,2.161
1745-5863,1.3430000000000002
0926-2644,1.869
1464-9357,1.86
1350-1917,4.2669999999999995
1470-3297,1.1059999999999999
0959-6119,2.8739999999999997
0167-7187,0.743
1748-3735,1.3330000000000002
2330-3131,0.836
1612-295X,1.125
1525-822X,1.4709999999999999
1544-6123,1.085
2194-6183,0.536
0887-5367,0.7120000000000001
0019-8676,1.28
1086-1653,0.385
2204-0226,0.915
0193-4872,1.0979999999999999
0197-9183,1.9369999999999998
1752-7716,1.625
0167-6687,1.265
0147-5479,0.429
0020-7780,0.9640000000000001
0921-5077,0.303
1086-4415,2.5140000000000002
1715-2593,0.8390000000000001
1367-5567,1.82
1753-8378,1.321
1460-8545,6.489
1747-6321,0.28600000000000003
0738-7806,0.29600000000000004
2045-4015,1.652
1757-9759,1.179
1065-3058,1.18
1057-9230,2.319
0017-8969,1.008
1575-0361,0.313
1093-4510,1.22
0313-6647,1.0659999999999998
2168-023X,0.59
0197-3533,3.426
1354-4187,0.59
0008-3976,0.81
0225-5189,0.597
0308-0226,0.754
0008-4174,1.327
0260-2938,1.8769999999999998
1592-5986,0.40399999999999997
0003-6870,2.435
0002-9556,0.938
1543-5938,6.025
1941-1367,1.265
1448-6563,0.78
0067-2378,0.2
1352-4658,1.633
0198-7429,1.161
0001-8392,5.877999999999999
0095-3997,1.761
0144-929X,1.38
0145-4455,2.024
0001-3072,0.609
1756-6517,0.9279999999999999
1748-8885,0.95
0964-4733,5.355
1017-6772,1.5730000000000002
0363-7425,8.855
0002-8312,2.4619999999999997
1058-0360,1.713
0899-8256,0.878
1555-4120,1.5
0002-9157,1.561
0146-6216,0.9229999999999999
0003-1224,5.063
0003-1283,0.37200000000000005
1233-5835,0.17800000000000002
0895-9285,1.128
0954-5395,2.343
0047-0767,0.684
1072-5245,1.949
0066-4308,22.774
0066-4677,1.0
0096-3402,1.0
0096-3402,1.0
0170-6233,0.188
1467-6370,1.876
0269-9052,2.061
0008-1256,3.302
1301-0549,0.087
1751-0759,1.0
1895-1171,1.452
0309-166X,2.07
0002-9246,0.33299999999999996
0195-6744,1.3330000000000002
1408-032X,0.289
1610-2932,0.877
1598-1037,0.861
1948-5565,1.297
1359-866X,1.032
0312-8962,1.15
0521-9744,0.237
0008-4239,0.5
0103-2100,0.46299999999999997
0008-4506,0.816
1090-7165,3.017
0002-9300,1.9069999999999998
1536-0903,1.443
0003-3790,0.405
1557-9883,2.306
1758-5864,1.416
1948-1985,1.452
0065-2407,1.273
1744-859X,1.915
0929-6174,0.486
0964-1998,2.4730000000000003
0963-1798,2.892
0272-6963,4.899
0160-5682,1.396
1094-3412,1.7690000000000001
1176-7529,0.809
0951-6328,1.4040000000000001
0091-3367,2.88
2040-199X,0.512
1092-6771,0.698
0021-8855,1.534
0021-9266,0.633
0952-8873,1.4169999999999998
0952-8873,1.4169999999999998
0272-4944,3.553
0094-730X,1.7269999999999999
1062-7375,0.613
1740-0228,0.9520000000000001
0022-0426,1.304
1976-9229,0.14300000000000002
0263-323X,0.7140000000000001
1050-8406,3.0
0022-2267,1.03
1049-2089,0.86
0268-3962,4.535
1751-1577,3.484
1086-296X,1.71
0161-8938,1.237
0899-7764,0.375
0749-596X,2.8289999999999997
0022-4391,1.935
0895-9420,1.5119999999999998
0021-857X,2.0
0160-8061,1.419
0160-8061,1.419
1098-3007,2.41
0022-4375,2.394
1538-8220,2.721
1538-8220,2.721
1538-8220,2.721
1062-1024,1.588
1367-4935,1.107
0305-0009,1.791
1471-0358,2.391
0969-6997,2.0380000000000003
0883-7252,2.336
0021-9010,4.643
1360-2322,2.26
0277-6693,0.934
0022-006X,4.5360000000000005
1740-1445,3.595
0164-0704,0.6859999999999999
0149-2063,8.08
1091-4358,0.9670000000000001
1931-5864,0.833
0022-5061,0.515
0162-220X,1.844
0742-1222,2.7439999999999998
0895-562X,1.2670000000000001
1061-0421,2.7569999999999997
8755-7223,1.256
1558-6898,3.27
0022-2801,0.583
0148-2963,2.509
0883-9026,6.0
1051-712X,0.45899999999999996
1934-5747,1.41
0022-4294,0.696
0022-4367,1.6059999999999999
1380-3395,1.8530000000000002
0021-8723,1.032
1757-7780,5.124
0306-686X,1.541
0022-5002,2.01
0730-8884,2.276
0267-8373,3.14
0258-6770,1.797
0378-5920,1.229
0883-2919,0.75
2043-8087,0.479
0022-2445,2.802
1059-7700,1.6980000000000002
1936-8623,2.6830000000000003
1522-2179,0.5
1051-1377,0.8109999999999999
1474-7456,1.093
0044-0094,5.2
1473-2254,0.7859999999999999
0044-118X,2.13
0022-2879,1.47
0305-7240,0.825
1740-4681,0.45799999999999996
1682-3141,0.987
1619-5515,0.20600000000000002
1422-4917,1.206
0179-6437,0.615
0743-9156,2.1790000000000003
0194-4363,2.041
0091-4169,0.8859999999999999
1331-8004,0.455
1877-8585,2.605
0885-2545,1.676
0022-0272,1.12
0591-2385,0.578
0885-4122,3.15
1471-1893,2.0269999999999997
0304-4068,0.47
1470-5427,0.556
0094-8705,0.767
0163-2787,1.531
0889-4019,1.5
1435-5558,1.26
1468-2745,0.42
0012-7086,1.643
0010-1931,0.9059999999999999
1612-4782,1.15
0227-5910,1.5830000000000002
0718-1043,0.667
0892-6794,1.045
1021-6790,0.256
0014-1801,0.29100000000000004
1567-4223,2.582
0264-0473,0.8
1019-6781,3.818
1878-9293,4.815
0890-2070,3.4939999999999998
1350-4622,2.595
0008-7041,0.8140000000000001
1054-7738,1.466
1525-7401,0.66
0176-4225,0.48100000000000004
1076-9242,1.186
0888-3254,0.8170000000000001
1020-3397,0.7170000000000001
1040-9289,1.3769999999999998
1751-7885,2.923
1352-7606,1.8
1069-3971,0.975
2212-828X,1.159
0022-0485,0.643
0022-0507,1.379
0167-4870,1.338
0012-1533,0.56
0012-1649,2.9339999999999997
0273-2297,4.783
1363-755X,4.078
1363-755X,4.078
0951-0893,1.276
1540-496X,0.828
1755-4586,1.916
1342-078X,1.376
1084-5453,0.696
2399-8083,2.046
2399-8083,2.046
1075-4253,2.298
1408-6980,1.25
0176-2680,1.246
1101-1262,2.782
0964-4016,2.695
1576-4737,0.131
1535-6841,1.087
1786-3341,0.10800000000000001
0272-7358,9.577
1050-3293,2.733
1756-5529,2.405
1936-6574,1.8630000000000002
1099-9809,1.756
1369-1058,1.742
1041-3200,2.092
1076-9986,2.233
0735-6331,1.234
0022-0655,0.9359999999999999
0268-0939,2.4459999999999997
0894-6566,1.3330000000000002
0967-0750,1.064
0013-161X,1.851
1557-3060,2.103
1570-646X,1.6340000000000001
0195-6574,2.1319999999999997
0956-2478,2.254
0886-2605,2.443
0263-2373,2.369
0193-841X,1.436
1060-1538,4.771
0009-062X,0.193
0885-579X,2.529
0022-3514,5.733
1534-6501,0.742
1354-6805,1.329
0424-267X,0.664
0013-0079,1.188
0272-7757,1.2930000000000001
1570-677X,2.675
0099-1767,0.662
1063-4266,1.2
1063-4266,1.2
1303-0485,0.532
2154-1647,1.0
0748-8491,0.78
0013-1245,0.6579999999999999
1937-8629,0.217
0013-9998,0.738
0261-927X,1.2329999999999999
0250-7161,0.784
1360-6743,0.415
0266-0784,0.237
1109-4028,1.621
0894-4105,2.699
1868-8527,3.0239999999999996
1936-9735,1.524
1054-6863,0.639
1054-6863,0.639
1094-6705,6.8420000000000005
0022-4499,2.9210000000000003
0047-2778,3.248
0960-1627,2.714
1862-9679,1.083
1862-9679,1.083
1521-3269,2.574
1362-9395,1.136
1531-426X,1.17
1357-650X,1.3880000000000001
0167-5249,0.512
1048-9843,3.307
1354-5078,0.679
1354-5078,0.679
0090-502X,1.911
0965-8211,1.8730000000000002
0394-7394,0.22899999999999998
0896-6346,0.095
0031-5826,5.523
0048-3486,1.395
1042-7961,0.28600000000000003
1071-5754,1.5859999999999999
0943-7444,0.5589999999999999
0254-3737,0.31
0047-2786,0.491
1043-7797,1.0
0022-4634,0.46299999999999997
1022-6877,2.653
1022-6877,2.653
1354-7798,1.182
0265-6914,0.42200000000000004
0023-5962,1.1909999999999998
0026-1386,1.379
1556-1623,3.7060000000000004
0023-9690,0.66
1475-357X,1.5930000000000002
1753-2000,2.033
1874-897X,1.858
0748-1756,1.0979999999999999
1526-744X,0.7440000000000001
1752-1505,3.305
0972-4923,1.652
1074-3529,0.96
1478-9515,1.494
1452-595X,0.43799999999999994
1529-5192,1.943
2095-2546,2.591
0193-7235,1.093
1382-5577,0.14
0021-9886,2.089
2214-109X,18.705
0165-0157,1.321
1455-0725,0.6829999999999999
0129-797X,0.9059999999999999
0069-9667,0.24100000000000002
0010-8367,2.316
0010-8367,2.316
0014-7370,3.116
1938-9655,2.06
0011-5258,0.28600000000000003
0884-2175,1.473
1461-670X,1.735
1352-4739,0.26
0959-3535,0.6759999999999999
0046-3663,0.353
0723-5186,0.16699999999999998
0790-8318,1.6580000000000001
1435-9871,1.4780000000000002
0309-0566,1.4969999999999999
1742-7932,1.062
1386-7423,1.4069999999999998
0963-9470,0.525
1568-4555,1.195
0261-4448,2.255
0261-4448,2.255
0458-726X,0.14
0929-0907,0.37
0167-806X,1.13
0042-6601,2.5869999999999997
0091-0260,1.364
0925-9880,0.47600000000000003
0718-090X,0.413
0033-5533,7.8629999999999995
0034-3552,0.951
1363-6669,0.54
1434-4742,0.4
0921-898X,2.852
1729-0376,0.639
0036-9292,0.904
1468-3857,1.0759999999999998
0267-6583,1.239
0267-6583,1.239
1384-6930,0.405
0039-3606,1.0
0378-4177,0.321
0098-6283,0.991
0735-7028,1.61
1077-8004,1.207
1063-8628,0.898
0032-2687,3.023
1743-923X,1.641
1743-923X,1.641
0162-895X,2.782
1750-6816,4.419
0034-9461,0.547
1076-8971,1.892
1076-8971,1.892
0033-2933,1.026
1610-2878,1.1
0272-4332,2.898
0272-4332,2.898
1469-7688,1.17
1750-9467,1.675
0924-3453,1.4680000000000002
0889-7077,2.6689999999999996
0749-2081,1.6669999999999998
0092-055X,1.3019999999999998
2029-4913,3.2439999999999998
1938-0283,0.489
1941-9899,2.1
0033-2852,0.034
0952-8229,0.585
0042-8841,0.36
0032-3187,1.25
0032-3195,0.426
0090-2616,1.111
1086-0266,5.0489999999999995
0048-5772,3.1180000000000003
1752-2439,1.151
0920-9964,3.958
1045-3830,1.818
0098-7921,3.5469999999999997
0739-8859,0.992
0022-5258,1.315
0966-6923,2.699
2214-1405,2.7739999999999996
1078-7496,0.452
0894-9867,2.456
0894-9867,2.456
0036-0112,1.41
1075-5470,2.032
0036-8326,3.035
1862-8516,2.11
1468-1811,1.649
0308-597X,2.109
0041-9907,3.235
0041-9915,0.25
1363-4607,1.091
0039-8322,2.256
0039-8322,2.256
1078-0874,1.8940000000000001
0033-3190,13.122
0167-5923,1.0270000000000001
1544-8444,2.439
1617-982X,0.4
1697-7467,0.457
0030-6428,0.221
0305-9049,1.5119999999999998
0266-903X,1.444
0034-0553,2.739
1364-2529,0.348
0305-6244,1.032
2078-5585,0.27699999999999997
0038-2280,0.912
1088-8438,2.3280000000000003
0272-3638,2.307
0039-7857,1.034
0346-251X,1.547
1555-7561,1.683
1932-2798,0.516
0965-8564,3.0260000000000002
0353-5053,1.341
1321-8719,0.787
1057-9249,3.455
2168-0566,2.636
1524-8380,4.329
1524-8380,4.329
1294-6303,0.11900000000000001
0048-7694,0.263
1572-3097,2.023
1569-5239,1.3330000000000002
0269-1728,0.316
1553-4510,0.9790000000000001
1474-2837,1.581
0144-5596,1.4180000000000001
0037-7791,2.0709999999999997
0190-2725,2.3409999999999997
0539-0184,0.5710000000000001
1617-9625,1.5390000000000001
0261-5177,5.921
0718-3402,0.609
1035-0330,0.754
0147-2011,0.529
0038-0342,0.20600000000000002
0049-1241,3.625
0038-0199,2.6319999999999997
1538-9588,1.274
1665-2436,0.65
1863-6683,1.483
0038-0377,0.28600000000000003
1748-0485,0.703
1461-6742,1.031
0957-4824,1.8659999999999999
0957-4824,1.8659999999999999
1353-3312,0.937
1944-0391,2.135
1660-4601,2.145
1475-9276,1.71
1937-4585,0.184
1557-1874,1.192
0020-7438,0.9109999999999999
1384-5748,0.8590000000000001
1041-6102,2.261
1041-6102,2.261
1066-2243,3.838
0342-5282,1.432
0167-8116,2.593
1664-1078,2.089
0896-3746,0.667
1474-7731,1.528
1474-7731,1.528
0952-1895,3.833
1478-4505,2.1790000000000003
0360-7283,1.115
1363-4593,1.413
0929-998X,0.435
1051-1482,1.157
0018-716X,1.6669999999999998
1074-4827,1.185
0960-6491,2.198
1937-1209,2.065
1932-8036,1.128
2199-9023,0.6
0020-7314,1.2919999999999998
1352-7258,1.0759999999999998
0950-0693,1.325
0965-075X,1.031
1322-7114,1.1420000000000001
0306-9192,3.111
0016-7487,0.8540000000000001
0104-0146,0.159
1089-2699,1.641
1059-6011,2.627
0959-3845,1.639
1367-0050,1.765
2329-4884,1.575
1384-6655,0.976
0020-7489,3.656
1422-6944,0.625
1934-9491,1.29
0964-3397,1.653
1464-9373,0.722
0015-2218,0.5
1351-1610,1.018
0197-3975,3.0
0093-0334,1.472
0275-7206,0.672
1752-7716,1.625
0391-8440,0.313
0020-174X,0.597
0046-760X,0.857
0046-760X,0.857
1081-602X,0.456
1465-4466,0.32899999999999996
0315-0860,0.267
0309-1317,2.239
0251-2513,1.306
0021-1753,1.07
0927-3522,0.633
0891-2432,2.36
0891-2432,2.36
2045-4015,1.652
2397-0022,0.133
0964-4008,1.2109999999999999
1940-1612,2.468
0016-9013,4.078
1041-0236,1.71
1090-1981,1.899
0017-8969,1.008
0268-1153,1.479
1471-1834,1.19
0168-8510,2.293
0391-9714,0.5589999999999999
0957-154X,0.6409999999999999
1819-5164,0.344
0160-7383,5.086
0004-9522,0.20800000000000002
1448-7527,0.935
0004-9530,0.932
0004-8658,1.65
1350-4851,0.504
1746-5265,1.149
1471-2318,2.866
1472-698X,1.7619999999999998
0007-1102,1.214
1059-7123,1.0
0306-4603,2.6860000000000004
1369-1481,1.5430000000000001
0007-1250,5.867000000000001
1195-096X,0.243
2050-3806,1.4609999999999999
1075-2935,1.906
0084-6570,3.065
1175-5652,1.885
1868-6311,1.286
1039-8562,0.9440000000000001
0813-4839,1.3430000000000002
0004-0002,3.2230000000000003
1381-1118,2.36
2043-8567,0.23800000000000002
1756-6517,0.9279999999999999
1369-6866,0.7609999999999999
1052-150X,1.757
0007-6813,2.588
0007-6503,3.214
0964-4733,5.355
0886-1099,0.833
1941-6520,9.281
1941-6520,9.281
0001-4273,6.7
0361-3682,2.077
0002-7766,1.286
1945-7707,3.1689999999999996
2161-783X,1.876
0001-9720,0.596
0144-686X,1.62
1359-1789,2.23
1526-5161,4.8469999999999995
1465-7252,1.161
1465-7252,1.161
0003-066X,4.856
0090-4848,2.474
0090-4848,2.474
1364-8470,0.884
0267-5730,0.8690000000000001
0008-1221,2.923
0340-5370,0.16699999999999998
0008-1973,1.571
0955-7571,0.6509999999999999
0008-3658,1.4769999999999999
0169-5150,1.732
0139-570X,0.706
0091-0562,2.322
0091-0562,2.322
1066-2316,0.925
0301-4460,1.531
0889-048X,2.568
0742-4477,1.147
0003-5521,0.48100000000000004
2332-3493,1.8780000000000001
0312-2417,0.703
0004-8992,0.37
0004-9018,0.43200000000000005
0001-2092,0.794
1948-5565,1.297
0218-5385,0.263
1360-7456,1.3769999999999998
1608-1625,0.478
0706-7437,3.612
0008-4263,1.4880000000000002
0269-9702,1.66
0261-510X,1.795
1382-4996,2.552
1040-2608,1.2
0317-0861,0.647
0954-0121,1.994
0899-9546,1.756
1529-7489,1.031
0570-1864,1.3359999999999999
1608-5906,0.81
0002-936X,1.234
0272-9490,2.4930000000000003
1461-6734,2.147
0743-4618,2.137
0004-8623,0.818
0190-3659,0.2
0736-9387,1.7930000000000001
0022-3018,1.94
1053-0487,1.858
1053-0487,1.858
0162-9778,0.321
1053-0819,1.348
2214-8043,0.966
0005-7916,2.397
1176-7529,0.809
0895-5638,1.136
0278-4165,1.6280000000000001
1827-4765,2.667
1741-0398,2.4819999999999998
1070-4965,2.313
1070-4965,2.313
0964-0568,1.594
0094-730X,1.7269999999999999
1383-4924,0.9229999999999999
0022-0388,1.526
0022-0418,1.157
1550-4263,2.036
0272-4316,1.828
2168-1678,1.375
1548-0518,1.672
1946-5319,1.545
0194-7648,0.28600000000000003
0022-2216,1.172
0306-6800,1.889
1389-4978,1.986
0167-6296,3.25
1477-7266,0.8009999999999999
0361-6878,1.3230000000000002
0165-5515,1.939
0268-3962,4.535
0360-5310,0.8540000000000001
0899-7764,0.375
1864-1105,1.1179999999999999
0894-3796,4.229
1834-4909,0.833
0743-0167,2.658
0305-7070,0.6809999999999999
0022-4375,2.394
1062-1024,1.588
1471-0358,2.391
0733-4648,1.992
0021-9320,1.217
1080-6954,0.667
0176-4268,1.214
1355-8250,0.725
0022-0078,1.86
1740-1445,3.595
0703-6337,1.155
1062-2551,1.226
0268-3946,1.547
0022-2380,5.329
0022-2380,5.329
1552-5864,0.22399999999999998
1748-6645,3.786
0895-5646,1.886
0744-8481,1.3259999999999998
0047-2336,1.581
1043-9862,1.857
0363-0242,1.307
1049-3867,2.151
0885-8624,1.8330000000000002
2360-0853,0.389
1050-5350,2.09
0891-2416,0.862
0022-0124,0.82
0047-2352,3.139
0952-1909,0.809
0950-0170,2.195
0278-7393,2.319
0022-2429,7.337999999999999
0958-9236,0.9179999999999999
0958-9236,0.9179999999999999
1059-7700,1.6980000000000002
0309-8265,1.213
1473-8376,1.265
1096-3480,2.685
0044-118X,2.13
1541-2040,1.796
2055-6365,0.344
0090-6905,0.659
0304-3932,2.157
0883-8534,0.737
0091-0627,3.287
1527-6546,2.662
2211-3649,1.23
1067-5027,4.27
0044-2666,0.115
1437-2940,0.18899999999999997
1062-726X,1.341
1932-2259,3.713
0021-843X,4.6419999999999995
0099-1333,1.459
0278-4254,1.796
1055-0887,1.7619999999999998
0160-6689,4.247
0021-9762,2.33
1932-9261,1.175
0894-8453,1.473
0363-1990,0.33299999999999996
0363-1990,0.33299999999999996
1524-8372,1.865
1520-3972,0.16699999999999998
1520-3972,0.16699999999999998
0897-5264,0.9520000000000001
0021-9924,1.696
2212-571X,3.667
1471-1893,2.0269999999999997
1756-2570,1.837
1079-5014,3.054
0022-2917,1.694
0198-9715,3.7239999999999998
0891-2017,1.319
1543-3080,1.723
0149-7189,1.21
1478-7547,1.788
0957-9664,1.185
0010-1923,0.419
1740-5904,0.821
0718-5286,0.545
1466-1381,0.8490000000000001
0014-1844,1.8940000000000001
0091-2131,0.955
1741-6590,0.8859999999999999
0883-9409,1.294
2194-6175,1.25
1042-2587,5.321000000000001
0963-8180,2.169
0008-8390,0.15
1134-3478,2.838
0269-9206,1.1909999999999998
0165-0750,4.073
0278-1204,0.364
0885-2006,2.364
1040-9289,1.3769999999999998
0093-6502,3.391
0261-0183,1.8359999999999999
1750-8487,2.08
0931-8658,1.0270000000000001
2212-828X,1.159
0167-2681,1.296
1569-1721,0.98
0021-3624,0.58
1058-6407,1.163
1748-7870,1.5130000000000001
0376-835X,0.647
1540-496X,0.828
1566-0141,1.871
2210-4224,5.265
1053-8151,1.2409999999999999
1053-8151,1.2409999999999999
0954-1314,0.895
0025-1003,0.75
1368-4310,1.724
1369-1457,0.718
0142-5455,1.645
1064-1297,2.354
1618-3169,1.206
1063-3995,2.508
0010-3853,1.159
1059-0161,4.056
2055-7671,0.563
0965-3562,1.06
1064-0266,1.351
0010-4175,0.623
1474-4740,3.35
0950-2386,1.023
1095-0680,1.896
1526-6133,1.6669999999999998
0012-9984,0.537
0939-3625,1.261
1570-646X,1.6340000000000001
0956-2478,2.254
0963-2719,1.8519999999999999
0886-2605,2.443
1741-1432,1.5419999999999998
1351-5993,1.81
0965-4313,1.8630000000000002
1680-4333,0.8059999999999999
0014-3855,0.319
1120-9763,1.2890000000000001
1474-7472,1.195
1469-3062,3.832
1863-2505,0.7040000000000001
1650-6073,2.802
1087-0547,3.668
0264-3294,1.796
1708-3087,3.2560000000000002
0891-2424,0.917
0013-0117,1.187
0013-0117,1.187
1368-3500,3.4619999999999997
0927-5398,0.946
0731-1745,1.389
0046-1520,4.488
0013-1954,1.1
0308-5147,2.542
0308-5147,2.542
0014-0015,1.024
0014-0139,2.019
0261-927X,1.2329999999999999
1175-8708,0.442
0172-8865,2.1
0025-8024,0.589
0899-5605,1.205
1751-2271,1.63
0037-976X,2.245
0030-851X,1.119
1468-4527,1.675
0168-2601,0.081
0030-364X,2.263
0161-7109,0.5710000000000001
0887-6045,2.408
0960-1627,2.714
1521-3269,2.574
0094-582X,0.575
0738-2480,0.635
1470-8396,1.516
0143-7739,1.067
1048-9843,3.307
1354-5078,0.679
0748-4526,0.298
0029-9138,0.188
0104-754X,0.257
2213-4794,2.339
1463-6778,1.571
1463-6778,1.571
0732-118X,1.367
0028-6060,2.0
1356-3467,2.603
1356-3467,2.603
0028-6583,0.8640000000000001
0268-1072,1.469
1350-4126,0.9059999999999999
0048-3486,1.395
1441-0745,1.237
0029-6554,2.425
0736-7236,1.304
1554-477X,0.625
1554-477X,0.625
1745-6916,9.305
0265-4075,1.6969999999999998
0265-4075,1.6969999999999998
0148-8376,0.51
1468-0173,1.09
1566-7529,0.723
1072-4133,3.201
0014-2921,1.54
1367-6261,1.724
0889-8480,0.26899999999999996
1743-9884,3.175
0023-9690,0.66
0149-0400,1.585
2325-8292,2.5140000000000002
1520-9857,0.24
0961-5423,2.4090000000000003
0145-2134,2.8989999999999996
1056-4993,1.798
0924-0519,0.5710000000000001
1092-6488,0.862
0361-476X,3.3560000000000003
1056-8190,1.6569999999999998
1463-6204,0.25
1802-7962,1.4
0021-4027,0.456
0023-656X,0.725
0023-6942,0.182
0022-4669,2.262
0267-3231,1.5
0928-1371,1.03
1477-3708,1.8730000000000002
1367-5494,1.3259999999999998
0141-8211,0.9179999999999999
1382-5577,0.14
1318-3222,0.672
0021-9886,2.089
0142-6397,1.198
1756-137X,0.718
1874-5490,1.214
0899-7640,1.932
0809-8131,2.355
0268-4160,0.231
1043-898X,0.619
1024-2694,1.308
1555-4155,0.48700000000000004
1044-3894,0.537
0966-3622,1.038
2327-3798,2.086
0960-085X,3.197
1468-1099,0.508
1386-7423,1.4069999999999998
0272-2690,0.39299999999999996
0047-4045,1.426
0161-1461,0.887
1741-4350,0.703
1741-4350,0.703
0925-854X,0.8420000000000001
0957-1787,2.0980000000000003
1462-4745,1.735
0166-0462,1.278
1516-4446,2.093
1583-3410,0.838
1315-2378,0.125
0038-2876,0.8190000000000001
0034-3404,3.147
1748-5983,2.735
0034-379X,0.431
1138-4891,0.8859999999999999
1133-455X,0.09699999999999999
1094-2025,1.62
0037-6779,0.8109999999999999
1607-3614,0.426
0048-3915,1.25
0031-8248,0.973
0952-6757,1.276
0185-3325,0.5
0036-3634,1.0390000000000001
0036-9292,0.904
0301-2212,0.45799999999999996
0176-1714,0.557
0040-747X,0.653
0161-4681,1.072
0888-4064,0.762
0961-463X,1.0190000000000001
0882-7974,2.3609999999999998
1068-316X,1.598
1049-7323,2.4130000000000003
0032-2687,3.023
1047-1987,2.594
1464-9934,1.386
1750-6816,4.419
1476-0835,2.097
1469-7688,1.17
2045-9807,0.193
1750-9467,1.675
0361-0365,1.7919999999999998
0035-6484,0.6
0210-2412,0.385
1387-5868,0.88
0036-5564,1.331
0268-6902,0.693
1044-5005,3.8
1350-5076,1.516
1357-3322,2.7689999999999997
2157-3905,1.714
0037-1998,0.183
1475-939X,1.58
0166-4972,4.802
1871-4757,0.95
1871-4757,0.95
1300-4433,0.125
0276-9948,0.7909999999999999
0361-6843,2.9730000000000003
0361-6843,2.9730000000000003
0033-3123,2.089
0729-2473,0.156
0306-3968,0.782
0032-3470,0.37200000000000005
0263-3957,1.656
1086-0266,5.0489999999999995
1132-0559,1.545
0300-211X,0.8540000000000001
1866-2625,1.5930000000000002
0048-7333,4.6610000000000005
0270-1367,2.2680000000000002
1551-7411,2.315
0895-6308,1.796
0731-5082,0.375
0279-6015,1.521
0269-8897,0.366
1869-4187,0.594
1468-1994,1.1079999999999999
0735-2166,1.234
0094-1190,2.292
0738-1360,1.851
1470-5931,2.4659999999999997
0042-0220,0.848
1864-3361,0.938
0039-6338,1.09
2040-8021,2.2
2162-2671,2.023
0954-6553,1.643
1520-5436,1.6340000000000001
1304-7310,0.098
0033-3298,2.87
0271-2075,1.25
0140-2382,2.545
0199-0039,1.571
0199-0039,1.571
1368-8790,0.386
0899-2363,2.4130000000000003
0033-3506,1.4409999999999998
1471-9037,3.1519999999999997
0033-362X,2.0
1806-4892,0.278
0034-0553,2.739
0922-4777,1.837
1057-3569,1.3330000000000002
1080-8620,1.103
0724-2247,0.364
0327-6716,0.5820000000000001
0302-3427,1.368
1088-8438,2.3280000000000003
1945-497X,0.961
1092-7026,0.86
1355-6509,0.455
1460-8235,0.35700000000000004
0038-4038,0.7979999999999999
1842-2845,0.617
1524-8380,4.329
0123-885X,0.742
0893-9454,4.27
1751-2395,6.143
0144-5596,1.4180000000000001
0037-783X,0.515
0894-4393,3.253
0362-3319,1.0
0271-1214,1.125
2211-9736,1.7790000000000001
1354-8166,0.9420000000000001
1468-7976,1.537
0889-938X,0.767
1559-7431,2.6860000000000004
1559-7431,2.6860000000000004
0969-2290,2.532
0098-1389,1.097
0038-0121,1.61
1475-1461,3.016
0049-1241,3.625
0082-5638,0.436
1931-3918,1.028
0033-0337,1.17
0048-5705,0.396
0205-9592,0.535
0185-6073,0.226
0735-2751,2.156
1876-3413,1.797
0019-5545,1.061
1617-9846,1.032
1587-8694,0.023
0020-8183,4.5169999999999995
1944-0391,2.135
0192-5121,1.321
1749-5679,2.244
0020-577X,0.033
0019-7939,1.7790000000000001
1471-678X,1.2770000000000001
1050-8619,1.2890000000000001
1609-4069,1.3869999999999998
1748-2623,1.094
1369-412X,0.633
1029-3523,0.71
1613-4141,1.242
0160-9009,0.519
1226-508X,0.273
1526-3800,3.237
0017-257X,1.604
0305-0629,0.843
1369-8575,1.207
0017-9124,2.667
0966-0410,2.039
1363-4593,1.413
0378-0600,0.222
2164-8034,0.22899999999999998
1471-7727,1.857
1467-0895,0.9690000000000001
0091-4150,0.8809999999999999
0960-6491,2.198
0020-7144,1.111
2211-6095,1.069
1750-984X,2.391
0749-6753,0.977
1752-9719,1.6669999999999998
1816-3831,0.373
2251-6085,1.053
0790-7184,0.852
1554-9178,2.582
1059-6011,2.627
0266-5433,0.368
0268-1102,1.3869999999999998
1385-951X,1.635
0165-0254,1.76
1359-8139,0.92
1864-1385,0.278
1932-4502,1.295
1360-3116,1.1440000000000001
1077-3525,1.195
0306-624X,1.452
0194-2638,1.719
2330-3131,0.836
0163-8548,0.5820000000000001
0933-1719,0.66
1572-0373,0.867
2041-6695,0.9420000000000001
1754-9426,16.375
0197-3975,3.0
0018-2168,0.5
0017-8012,4.374
1067-3229,3.264
0952-8733,0.821
0121-1617,0.242
1752-7716,1.625
0020-4277,1.922
1991-3761,1.163
2047-3869,0.5
0278-2715,4.843
1034-912X,0.9470000000000001
0957-4093,1.776
1460-8545,6.489
0966-369X,1.594
1353-7121,0.16
0333-7308,0.431
0143-5671,0.759
1444-1586,2.656
0197-4572,1.541
0941-3790,0.993
0016-9862,1.179
0266-3554,0.541
1758-5880,1.22
1065-3058,1.18
0739-9332,0.85
1744-1331,1.881
0268-1080,2.42
0018-2702,1.415
1093-4510,1.22
0172-6404,0.35200000000000004
0172-6404,0.35200000000000004
0018-2656,0.81
1363-3554,0.917
1976-1597,0.845
1819-5164,0.344
0160-7383,5.086
1448-7527,0.935
0814-723X,0.575
1088-8691,1.472
1406-099X,1.0
0001-6993,1.5
0004-8674,5.084
0007-0874,0.409
0007-1102,1.214
0008-400X,0.812
1707-7753,0.415
1606-6359,1.972
0007-0882,2.053
0002-7294,1.605
0515-0361,0.9059999999999999
0738-6729,1.357
0198-7429,1.161
0883-9417,1.133
0084-6724,0.5589999999999999
0045-3102,1.746
2340-9436,2.41
0023-9356,0.45799999999999996
1132-9483,0.898
1554-351X,3.597
1558-6235,0.775
0016-3287,2.256
0007-6805,1.162
1537-260X,2.866
1558-9080,4.686
1042-9670,1.5930000000000002
0001-4575,2.5839999999999996
1945-7669,1.495
0002-8282,4.5280000000000005
0094-0496,2.3409999999999997
1042-895X,0.5770000000000001
0018-7208,2.371
2327-0608,5.775
1533-7731,0.848
1526-5161,4.8469999999999995
0920-427X,1.114
1045-6767,1.62
1534-4843,2.05
1464-6668,0.622
1747-9541,0.856
1094-2939,3.636
0161-7761,0.708
1364-8470,0.884
0212-9426,0.33299999999999996
0307-3378,0.264
0863-1808,0.261
1556-8318,1.892
0007-5140,0.75
0007-4918,1.829
0825-0383,0.674
0714-9808,0.7709999999999999
0001-4826,2.245
0001-6373,0.402
1064-7481,3.48
2332-3493,1.8780000000000001
0890-1171,2.197
1137-6627,0.622
1360-2381,0.7879999999999999
1038-4111,1.163
1094-1665,1.3519999999999999
1360-7456,1.3769999999999998
1035-7718,0.9540000000000001
0890-8389,2.2319999999999998
0144-6657,2.593
0007-1013,2.7289999999999996
1035-7823,0.5760000000000001
1054-139X,4.098
1054-139X,4.098
1542-7560,0.722
0896-5803,0.825
0922-680X,1.0
0165-0327,3.786
1092-6771,0.698
0898-2643,2.134
0090-4392,0.8009999999999999
0021-8863,1.368
1475-1585,1.42
1741-0398,2.4819999999999998
1572-3089,2.032
1744-6414,0.569
0304-3878,2.205
1938-8926,1.214
8756-6222,0.948
0263-323X,0.7140000000000001
0194-7648,0.28600000000000003
0885-9701,3.406
1081-0730,1.6480000000000001
0022-3816,2.096
0933-1433,1.296
1536-5050,1.541
0360-5310,0.8540000000000001
0022-4405,2.299
1187-7863,1.24
0095-4918,0.812
0160-3477,0.642
0973-1741,0.536
1059-8405,1.446
1538-8220,2.721
1198-9742,0.447
0021-9010,4.643
1360-2322,2.26
1369-183X,1.871
1533-2640,0.851
0091-3723,0.163
0277-6693,0.934
1057-7408,2.8089999999999997
0022-1465,2.617
0703-6337,1.155
0958-9287,1.5419999999999998
1532-5024,0.789
0149-2063,8.08
0022-5010,0.953
0305-7488,0.833
1611-8944,0.348
0022-4197,1.061
0279-1072,1.6669999999999998
1050-6519,0.75
1350-231X,1.564
0022-4278,2.8989999999999996
0141-0423,1.673
1537-4416,5.013999999999999
1093-6793,1.2309999999999999
1939-5078,2.8810000000000002
0735-3766,2.891
0936-9937,1.095
0891-2416,0.862
0022-0167,3.344
0022-0175,1.615
1043-4070,0.455
0305-750X,3.1660000000000004
0043-8871,3.25
0096-3445,4.107
0096-1523,2.289
2043-8087,0.479
0194-472X,1.929
1932-8575,0.9390000000000001
1945-2829,0.758
0022-166X,6.531000000000001
1475-4835,1.2309999999999999
1474-7456,1.093
0044-118X,2.13
1359-1835,0.9570000000000001
0091-6471,0.38299999999999995
0269-8803,0.917
0022-3999,2.947
1053-1858,3.907
0165-1153,0.10800000000000001
0002-0443,1.32
0049-8637,0.647
1010-0652,0.5589999999999999
0021-843X,4.6419999999999995
0092-0703,8.488
1088-4602,0.7140000000000001
0932-8114,0.5429999999999999
1331-8004,0.455
1877-8585,2.605
1058-0476,0.924
0363-1990,0.33299999999999996
0192-513X,1.489
0889-8391,0.628
1753-0350,0.9440000000000001
1081-4159,1.611
2212-571X,3.667
0893-3200,2.231
0885-7482,1.025
1479-8409,1.686
0098-9134,0.752
1540-4048,0.69
0094-8705,0.767
1362-0436,1.725
1389-0417,1.425
0885-2014,1.44
0964-8410,2.705
1535-3958,4.918
0093-8548,2.168
1330-0288,0.255
1742-058X,1.31
0010-1931,0.9059999999999999
0256-0046,0.225
1388-1957,1.08
1091-4269,5.043
0898-5626,2.7910000000000004
1388-364X,1.121
0014-4983,1.176
1350-4622,2.595
1523-0406,1.785
1385-4046,1.807
0300-4430,0.8240000000000001
1082-3301,0.927
0022-0485,0.643
1468-2702,3.4530000000000003
1860-711X,1.25
1058-6407,1.163
0167-4870,1.338
8756-5641,2.333
1471-8731,0.98
0378-7931,0.3
1755-4586,1.916
2399-8083,2.046
0304-4130,3.576
0256-2928,1.483
0377-7332,0.9740000000000001
0022-3433,2.419
0969-5893,4.95
0967-067X,0.722
0010-3802,0.75
0010-3853,1.159
1472-4790,2.286
0010-4140,2.9189999999999996
0021-9096,0.522
1538-2931,1.056
0963-8288,2.042
0965-3562,1.06
0163-853X,1.7890000000000001
1461-4456,1.016
0012-8775,0.62
0921-8009,3.895
0010-4175,0.623
1099-9809,1.756
0165-005X,0.983
0022-0671,1.239
0012-9682,3.75
1864-6042,0.545
1557-3060,2.103
0195-6574,2.1319999999999997
0963-7214,4.673
1366-8250,1.176
0360-1277,0.674
1359-432X,2.638
1356-336X,2.4219999999999997
0924-9338,4.129
2214-6296,3.815
1089-9472,0.748
0893-2190,0.9490000000000001
0022-3891,2.339
1469-3062,3.832
1359-1045,1.705
1863-2505,0.7040000000000001
1863-2505,0.7040000000000001
0156-5826,0.156
0158-7919,1.314
1435-6104,0.938
0011-3530,0.43
1536-9323,2.839
0927-5398,0.946
1556-2646,0.953
1300-1337,0.35200000000000004
1120-2890,0.97
2045-7960,5.684
1367-3270,2.551
0734-306X,3.6069999999999998
0969-7764,2.28
0889-4906,1.3619999999999999
0305-8298,1.4180000000000001
1074-9039,1.18
0268-1064,1.5959999999999999
0098-1818,0.508
0021-8294,1.097
0168-2601,0.081
0927-538X,1.6030000000000002
0098-261X,0.5379999999999999
1739-4341,0.16699999999999998
0718-1876,0.774
1862-9679,1.083
1362-9395,1.136
1531-426X,1.17
1357-650X,1.3880000000000001
0147-7307,2.867
0023-9283,0.583
0027-8378,0.745
0146-7875,0.833
1750-6980,0.922
1540-1960,1.8619999999999999
0276-7783,5.43
1532-9194,2.569
0027-2671,0.125
0167-8507,0.40399999999999997
0260-6917,2.0669999999999997
1471-5953,1.3130000000000002
0094-0798,0.759
1011-6702,0.679
1949-2715,3.2889999999999997
0023-2653,0.742
0023-3919,0.153
0023-3919,0.153
2042-6763,2.0
0265-4075,1.6969999999999998
0265-0533,0.6
1440-7833,1.3090000000000002
1360-6441,1.6230000000000002
0731-9487,2.1319999999999997
1566-7529,0.723
1355-3259,1.837
0261-4367,2.247
0305-1862,1.699
0731-7107,0.531
0265-6590,0.848
0009-4021,0.711
0009-4021,0.711
1462-2203,4.291
0026-7961,1.724
0823-9150,2.065
1056-8190,1.6569999999999998
1405-7425,0.18600000000000003
1529-5192,1.943
1090-0578,2.045
1382-2373,0.083
1354-0688,2.324
0031-7217,0.284
0700-3862,0.18899999999999997
1539-0136,0.872
0895-2779,2.41
0888-4773,2.169
1464-9055,0.33299999999999996
0373-4447,0.3
0145-9740,1.2890000000000001
0304-2294,0.36
0024-3949,0.644
1754-4750,1.188
1043-951X,1.8
0219-7472,0.174
1874-5490,1.214
0745-3515,1.01
0014-7370,3.116
0095-0033,0.4
0748-1187,1.16
0011-7315,1.641
2046-7435,0.754
1048-9223,2.25
0271-5309,1.051
0963-8687,4.313
1465-9891,0.7190000000000001
0938-5428,1.186
1470-8477,1.061
1094-3501,2.113
1022-8195,0.244
0388-0001,0.8320000000000001
0047-4045,1.426
0300-3930,1.44
0024-6301,3.221
1269-1763,0.32
1351-3249,0.8
0165-0203,0.742
1098-3015,5.494
0091-0260,1.364
0952-0767,2.438
0363-8111,1.3780000000000001
0166-0462,1.278
0034-3404,3.147
0278-4807,1.351
0090-5550,1.75
0741-9325,1.6480000000000001
1470-2541,0.778
1380-6645,0.25
0129-7619,1.043
0921-898X,2.852
0097-9554,0.048
0176-1714,0.557
1749-5016,3.5
0037-7686,0.8440000000000001
0143-6597,1.848
0040-7585,0.114
0040-7585,0.114
0039-3606,1.0
1057-610X,1.4180000000000001
0925-9392,0.075
1356-2517,1.3159999999999998
1941-5257,1.2309999999999999
0033-0124,1.347
1386-6710,1.318
0887-0446,2.459
0033-2917,5.475
0033-5177,1.072
1468-7941,2.951
1468-7941,2.951
1043-9463,1.511
0032-2687,3.023
0190-292X,2.83
0032-3233,0.38
0162-895X,2.782
1576-0162,0.415
0034-6535,3.51
0034-6543,8.241
1179-1578,1.952
1610-2878,1.1
1356-9783,0.34
1759-7323,1.42
0968-8080,1.421
1750-9467,1.675
0958-2029,2.449
0718-4883,0.40700000000000003
1330-2965,0.297
1103-8128,1.162
0355-3140,2.792
0039-3746,0.618
0268-6902,0.693
0025-1747,1.525
1463-6786,0.627
1743-0437,0.667
1359-8546,3.833
0081-9557,1.188
1077-8012,1.588
1062-9408,1.0979999999999999
1468-3849,0.754
0033-3085,1.247
1529-1006,21.285999999999998
1942-9681,2.673
2152-0828,2.5
1470-3572,0.773
0968-3445,0.31
0033-6807,1.857
0306-3968,0.782
0306-3968,0.782
1361-3324,1.202
1867-1748,1.104
0749-5978,2.259
0090-2616,1.111
2041-3866,3.0669999999999997
0048-5772,3.1180000000000003
1528-0748,0.33299999999999996
0300-211X,0.8540000000000001
1866-2625,1.5930000000000002
0032-4728,1.538
0270-1367,2.2680000000000002
0895-6308,1.796
1043-6596,1.242
0731-5082,0.375
1079-0632,3.444
1079-0632,3.444
1868-9884,1.806
0094-1190,2.292
0738-1360,1.851
0263-4503,1.421
0714-0045,0.795
0968-0802,2.75
2071-1050,2.075
0103-2070,0.136
2162-2671,2.023
1860-7330,0.426
1758-678X,19.180999999999997
1558-6073,0.645
0033-3204,2.302
0033-3352,4.591
1478-7954,2.325
1544-8444,2.439
0032-4663,1.214
1697-7467,0.457
1463-1377,0.541
0048-5829,1.064
0737-1209,1.163
1471-9037,3.1519999999999997
1057-3569,1.3330000000000002
0958-3440,2.206
0079-4848,0.75
0733-9488,1.252
1063-0732,3.213
1356-7667,2.17
0373-6245,1.18
0036-8237,0.48
1421-0185,0.488
1932-4391,3.488
0143-2095,5.482
1362-4806,1.8730000000000002
0263-2764,1.6219999999999999
0040-5833,0.522
0967-070X,2.512
1361-9209,3.445
2046-0252,1.216
0193-953X,2.228
0079-726X,0.122
1738-3684,1.4340000000000002
0303-4259,0.991
1321-8719,0.787
1321-8719,0.787
0033-2720,1.327
1048-1885,0.43700000000000006
1460-8235,0.35700000000000004
0213-4748,0.8859999999999999
0034-673X,0.76
0038-6073,0.318
1366-5545,3.2889999999999997
0338-0599,0.128
0893-9454,4.27
0894-1920,1.8230000000000002
0144-5596,1.4180000000000001
1617-9625,1.5390000000000001
1461-6688,2.068
0261-5177,5.921
0212-6109,0.43799999999999994
1132-7200,0.254
0965-7576,1.702
0969-2290,2.532
0034-9712,0.604
1369-1465,0.5
0277-9536,3.0069999999999997
0049-089X,1.766
0037-7961,1.7380000000000002
0037-8046,1.6669999999999998
1937-1918,0.504
1751-9020,0.762
0038-0245,0.735
0211-2159,0.556
2195-7177,1.475
2049-5323,0.738
0260-2105,2.0669999999999997
0020-5893,1.048
1755-599X,1.093
1567-9764,1.8840000000000001
1461-6742,1.031
0887-9311,0.606
0161-5440,0.41200000000000003
0019-6665,0.879
0020-8183,4.5169999999999995
1749-5679,2.244
0169-2070,2.186
1462-3730,0.5379999999999999
0954-2892,1.4169999999999998
1096-7494,2.739
0160-0176,1.75
0047-1178,1.172
1470-482X,0.9059999999999999
1477-3880,0.618
1057-5219,1.5659999999999998
0144-8188,0.8059999999999999
1750-399X,0.605
0959-3780,6.371
1075-2846,1.217
1654-9880,1.906
1744-8603,3.031
1180-0518,1.0
0966-0410,2.039
1446-1242,1.196
0378-7206,3.89
1525-0008,1.8730000000000002
1756-8692,0.757
0308-5694,0.231
2397-8570,1.4169999999999998
0266-2426,3.9
1365-8816,2.37
0885-6230,2.94
1476-072X,2.5
0020-7276,0.5
0965-075X,1.031
1931-7611,1.014
0268-5809,1.033
0927-5940,0.9670000000000001
0306-9192,3.111
0015-6914,2.989
0015-718X,0.802
0926-2644,1.869
0017-4815,1.192
1937-5867,1.3869999999999998
1556-1607,3.273
1556-1607,3.273
1367-0069,1.463
1359-8139,0.92
1470-6423,1.555
0959-6119,2.8739999999999997
0169-8141,1.429
1080-3548,0.648
0306-624X,1.452
1934-9491,1.29
1464-9373,0.722
1049-4820,1.604
1572-0373,0.867
0308-0188,0.311
0092-2102,0.889
1745-7300,0.955
0015-1920,0.563
0019-8501,3.678
0016-8092,2.56
1465-6485,0.66
0142-7237,0.7959999999999999
0017-811X,4.308
0739-9863,0.8640000000000001
0020-7985,1.04
0391-8440,0.313
0163-8343,2.989
1034-912X,0.9470000000000001
0276-3478,3.897
1742-7355,0.261
1568-4156,1.837
0147-1767,1.58
1368-2822,1.508
1360-9939,0.429
1753-8378,1.321
1470-7853,0.91
0748-5492,1.03
1568-1475,0.75
1758-5880,1.22
2191-1991,1.4509999999999998
0073-2753,0.795
0018-280X,0.111
1568-4849,0.315
0003-9519,0.583
1440-6381,1.08
1726-569X,0.28800000000000003
1369-1481,1.5430000000000001
0004-5608,3.81
1073-1911,3.197
0002-7642,1.749
1175-5652,1.885
0002-953X,13.390999999999998
0260-9541,0.08199999999999999
1941-1367,1.265
0883-9417,1.133
0001-8368,2.174
0142-5692,1.504
2340-9436,2.41
0005-7894,3.228
1754-9507,1.4409999999999998
1054-8289,1.588
0001-9909,2.5
0001-4273,6.7
1042-9670,1.5930000000000002
0951-3574,2.911
0002-7766,1.286
1555-4120,1.5
0002-0397,0.42100000000000004
1359-1789,2.23
2327-0608,5.775
1055-0496,2.129
0002-9092,2.457
1526-5161,4.8469999999999995
0146-6216,0.9229999999999999
1758-0846,2.351
0269-994X,2.49
0142-7164,1.8359999999999999
0275-0740,2.4659999999999997
0095-327X,0.5479999999999999
0018-7267,3.043
1044-8004,1.875
1478-4491,2.44
0161-7761,0.708
1364-8470,0.884
0197-4556,1.348
1556-8318,1.892
0261-3050,0.8540000000000001
0006-2294,0.484
1366-7289,2.707
1875-1342,1.527
0963-1801,1.204
1360-7863,2.6630000000000003
1382-5585,1.845
0095-2990,2.231
1582-9146,0.664
1300-1795,0.0
0892-7936,1.605
1945-7359,1.626
1360-2381,0.7879999999999999
1036-7314,1.93
0066-4812,3.108
1061-5806,2.064
1019-2557,0.45
0119-5646,0.633
1364-985X,1.486
0004-9441,0.8
0318-6431,0.613
0269-9702,1.66
1469-7874,1.969
0001-6918,1.8619999999999999
0570-1864,1.3359999999999999
1535-7414,7.111000000000001
0258-9184,0.48200000000000004
0004-4687,0.41700000000000004
1943-3921,1.6780000000000002
0278-0380,2.4090000000000003
0210-6124,0.075
0022-2496,2.176
0022-250X,0.517
2062-5871,3.628
0895-5638,1.136
0895-5638,1.136
0896-5803,0.825
0022-4146,2.2430000000000003
0091-3367,2.88
0887-6185,3.4810000000000003
0923-4748,2.6860000000000004
1572-3089,2.032
0094-730X,1.7269999999999999
0735-7036,1.771
1744-6414,0.569
0266-4909,1.859
1550-4263,2.036
0272-4316,1.828
1073-1105,0.986
0306-6800,1.889
0306-6800,1.889
1081-0730,1.6480000000000001
0022-1856,1.392
1612-5681,1.0
0032-4000,0.2
0933-1433,1.296
1059-0145,1.375
1098-3007,2.41
0022-4375,2.394
0021-9630,6.486000000000001
1514-0326,0.375
1369-183X,1.871
0022-0027,3.491
0022-1465,2.617
0006-8047,1.579
0963-8237,1.807
1931-5864,0.833
1360-080X,0.8140000000000001
0022-5045,0.5
1833-3672,1.189
0022-278X,0.875
0264-6838,1.247
0021-9371,0.625
0883-8151,1.7730000000000001
1050-8392,2.0869999999999997
0022-4308,3.21
0022-4359,5.48
1366-9877,1.376
0895-5646,1.886
1537-4416,5.013999999999999
2327-6886,1.136
0735-0015,2.115
0167-4544,2.917
0962-1067,1.635
1050-5350,2.09
0748-9633,1.3559999999999999
1566-5852,1.063
0952-1909,0.809
0270-3149,0.305
1051-9815,0.902
0950-0170,2.195
0257-3032,2.0
0257-3032,2.0
1473-8376,1.265
1936-8623,2.6830000000000003
1051-1377,0.8109999999999999
0047-2484,3.992
1475-4835,1.2309999999999999
2051-5545,30.0
0044-2380,0.159
0734-2829,1.4240000000000002
2055-6365,0.344
0090-6905,0.659
0882-2689,1.7919999999999998
0279-3695,0.608
0304-3932,2.157
1434-663X,0.648
0044-3247,0.263
2190-8370,1.364
1081-3004,1.177
0140-1971,1.865
0194-4363,2.041
1438-3608,0.5379999999999999
0932-8114,0.5429999999999999
1436-1957,0.125
1612-5010,0.905
0721-9067,0.563
0044-3751,0.276
1069-0727,1.626
1520-3972,0.16699999999999998
0897-5264,0.9520000000000001
0196-206X,2.199
1322-9400,1.444
0163-4445,1.0659999999999998
0163-4445,1.0659999999999998
0885-7482,1.025
1079-5014,3.054
0143-4632,0.9420000000000001
1744-1374,2.1390000000000002
0309-8249,0.878
0010-0277,3.3539999999999996
0737-0008,2.654
0010-0870,1.626
0957-9664,1.185
0968-7637,1.406
1330-0288,0.255
0093-1896,1.097
0718-1043,0.667
0071-1713,0.049
0014-1704,1.159
1050-8422,0.9420000000000001
1050-8422,0.9420000000000001
0070-3370,2.572
1091-4269,5.043
1389-5753,1.489
1355-770X,1.264
1355-770X,1.264
1462-3889,1.8119999999999998
0887-6274,1.012
1046-1310,1.28
1413-8123,0.757
2167-4795,2.395
1848-5189,0.158
0193-3973,2.31
1598-2408,0.833
0022-4995,0.7659999999999999
0022-0531,1.204
0145-7217,1.736
1540-496X,0.828
2399-6544,1.864
1053-8151,1.2409999999999999
1478-1387,0.991
1369-3034,1.8430000000000002
1069-031X,3.6
1386-4157,2.267
0964-4016,2.695
0308-518X,2.1519999999999997
0091-1674,0.807
0738-0895,0.375
1049-0078,0.753
1936-6574,1.8630000000000002
1935-7893,1.22
0163-853X,1.7890000000000001
0957-9265,1.339
0957-9265,1.339
0886-7356,2.556
1475-9551,0.9570000000000001
0950-2386,1.023
1041-3200,2.092
0022-0655,0.9359999999999999
0260-7476,0.9109999999999999
0012-9984,0.537
1368-4221,1.1520000000000001
0747-4938,1.218
2212-0416,4.395
0046-1121,0.5920000000000001
0958-305X,0.568
0301-4215,4.039
0924-6460,1.9609999999999999
1469-1930,3.634
1366-8250,1.176
1544-4759,0.882
0360-1277,0.674
0263-2373,2.369
1090-5138,3.623
1090-5138,3.623
0014-4029,3.34
0008-9389,0.485
1866-5888,1.146
1087-0547,3.668
1040-7413,0.667
0891-2424,0.917
0013-0095,6.438
0013-0133,2.946
0266-2671,1.2570000000000001
0070-1998,0.8
0144-3410,1.344
1747-938X,4.973
0013-1911,1.625
0013-1245,0.6579999999999999
1331-677X,1.137
0889-1583,0.885
1229-828X,0.136
0261-927X,1.2329999999999999
0969-7764,2.28
1538-7216,1.104
0966-8136,0.8420000000000001
1040-7308,4.894
0266-6138,1.787
0887-378X,6.0
0268-1064,1.5959999999999999
0031-5125,0.703
0188-7653,0.537
2055-6225,1.395
1355-2600,0.7959999999999999
0092-623X,1.8319999999999999
1477-8238,0.8640000000000001
1329-878X,0.491
0951-8967,0.154
0023-8791,0.536
0023-9283,0.583
0265-8240,1.034
1750-4708,1.0859999999999999
0272-930X,1.2309999999999999
1461-3808,0.828
0730-7829,0.9740000000000001
1524-9042,1.252
0732-118X,1.367
1461-4448,3.1210000000000004
0191-8869,1.9669999999999999
0029-6562,1.725
0894-3184,0.83
0146-1672,2.498
0031-5990,1.015
0047-2794,2.261
2210-6561,1.125
0731-9487,2.1319999999999997
1018-8827,3.553
1574-0196,1.245
0265-6914,0.42200000000000004
0165-4896,0.604
0922-1565,0.728
0026-749X,0.442
0952-9136,2.353
0009-3920,3.779
1356-7500,1.9069999999999998
0273-9615,0.36700000000000005
0951-0605,1.15
0748-1756,1.0979999999999999
1614-1881,0.519
0907-5682,1.357
0090-8320,0.805
1808-2882,0.205
1170-7690,3.989
1740-5629,1.208
0145-9740,1.2890000000000001
2215-0374,15.232999999999999
0024-2594,0.474
0024-3841,0.8640000000000001
1430-0532,0.409
1750-8916,1.8130000000000002
0920-203X,0.7
1470-8914,0.868
0031-322X,1.6740000000000002
0029-1951,0.9790000000000001
0029-3571,2.031
0894-4865,3.824
0010-8812,0.486
0011-5266,1.307
0014-9187,0.531
0959-3535,0.6759999999999999
1759-7536,0.133
0740-5472,2.602
1523-2409,6.105
1471-3012,1.671
1460-1060,1.385
1930-2975,2.525
0967-0742,1.103
1094-3501,2.113
1362-1688,2.086
0024-6301,3.221
0024-6301,3.221
0028-0739,0.35
1098-3015,5.494
0166-0462,1.278
0718-3437,0.14800000000000002
0081-2463,0.7979999999999999
0034-3404,3.147
0090-5550,1.75
0138-9130,2.173
1380-6645,0.25
0217-5908,0.5329999999999999
0037-7031,0.226
1046-4964,1.163
0115-4451,0.391
1747-5341,1.222
0031-8388,0.48
1138-9788,0.727
1354-6783,2.372
1057-610X,1.4180000000000001
0191-491X,1.099
0964-4563,4.151
0893-164X,2.516
0882-7974,2.3609999999999998
0033-2879,1.03
1068-316X,1.598
0033-2984,0.16
1354-8506,1.589
0079-7421,1.714
0742-6046,2.023
1524-9220,1.8130000000000002
1697-0381,0.41700000000000004
0305-5736,1.25
1755-0483,0.61
1557-0541,0.779
0034-6535,3.51
1082-989X,6.485
1179-1578,1.952
0891-4222,1.82
1542-7609,1.196
0835-1813,1.8259999999999998
0021-8308,1.341
0893-3189,1.444
0938-8249,2.279
0025-1909,3.5439999999999996
1357-3322,2.7689999999999997
2157-3905,1.714
1441-3523,3.516
1747-597X,2.214
1082-6084,1.1320000000000001
0886-6708,0.833
0092-055X,1.3019999999999998
0308-5961,2.0869999999999997
1062-9408,1.0979999999999999
0027-7738,0.136
1069-9384,3.092
0306-3968,0.782
0749-5978,2.259
0090-2616,1.111
1350-5084,2.701
0254-4962,1.061
1582-6163,0.263
0098-7921,3.5469999999999997
0160-6891,1.7619999999999998
1540-7969,1.778
0276-5624,1.493
1049-7315,1.929
1938-7849,2.0580000000000003
0950-5431,1.196
1862-8516,2.11
0264-2069,1.258
0360-0025,2.024
0923-0645,1.35
0968-0802,2.75
0954-6553,1.643
1050-3307,2.9530000000000003
0935-6185,0.364
1539-4492,1.0
0030-7653,0.917
0143-6503,1.2309999999999999
1806-4892,0.278
0034-0561,0.782
0922-4777,1.837
1080-8620,1.103
0724-2247,0.364
1356-7667,2.17
0022-5363,0.21899999999999997
0256-0100,0.74
0302-3427,1.368
0195-6086,0.667
0097-9740,1.078
1476-1270,2.225
0272-3638,2.307
0883-7066,0.852
0301-4428,2.0
2047-1025,1.4809999999999999
1942-7867,0.727
0041-1612,1.686
0967-070X,2.512
1075-2730,2.205
1460-8235,0.35700000000000004
1020-4989,0.784
0734-371X,2.444
0091-732X,1.594
0035-3957,0.085
0132-1625,0.569
1206-3312,0.73
1366-5545,3.2889999999999997
1294-6303,0.11900000000000001
0885-7466,0.826
0378-8733,2.53
1072-4745,1.218
1072-4745,1.218
1206-0143,0.275
1354-8166,0.9420000000000001
1089-2680,2.323
0035-1121,0.433
1132-7200,0.254
1132-7200,0.254
0306-3127,2.464
1475-1461,3.016
1069-4404,1.556
1648-4460,1.112
0120-0534,1.2
1518-8345,0.7120000000000001
0049-1225,0.5
0969-5931,2.7539999999999996
0018-442X,0.735
0210-3702,0.691
0020-8132,1.496
1937-4585,0.184
1937-4585,0.184
1096-7516,5.847
1471-678X,1.2770000000000001
0167-8760,2.8680000000000003
1059-0560,1.318
0144-8188,0.8059999999999999
0163-6383,1.669
0163-9641,1.673
1470-2266,1.587
1180-0518,1.0
1743-7199,8.597000000000001
1369-8575,1.207
1446-1242,1.196
1369-118X,3.0839999999999996
0266-6669,0.905
0378-7206,3.89
1471-7727,1.857
1815-4654,1.268
0265-0487,2.494
1051-1482,1.157
0960-6491,2.198
0308-5694,0.231
1697-2600,3.9
0020-7152,1.229
1750-984X,2.391
0749-6753,0.977
1461-5517,1.213
0016-7363,1.86
0332-3315,0.405
0015-718X,0.802
1743-8586,1.386
1554-9178,2.582
0435-3684,0.63
0016-7398,2.563
0017-4947,0.486
1473-0952,2.714
1047-7047,2.301
1385-951X,1.635
1476-8062,0.33899999999999997
1050-8414,0.8240000000000001
1740-8989,2.928
1044-4068,1.0
1028-6632,1.115
0952-3367,0.294
1071-5819,2.3
0268-4012,4.516
1080-3548,0.648
0144-3577,2.955
0160-2896,2.785
0953-5438,0.809
0264-1615,0.242
1465-0045,1.8519999999999999
0142-7237,0.7959999999999999
0147-8257,0.8
1139-1472,0.4
0971-5215,0.23800000000000002
0020-4277,1.922
0020-5850,2.952
0952-6951,0.35100000000000003
0302-5160,0.138
0020-7020,0.3
0265-1335,2.6
0968-6673,1.88
1070-289X,0.92
0265-5012,0.319
8756-8160,0.243
0161-2840,0.825
0016-9862,1.179
0165-4004,0.324
0168-647X,0.529
1057-9230,2.319
0268-1153,1.479
1079-0969,1.429
1575-0361,0.313
0018-2702,1.415
0172-6404,0.35200000000000004
1939-1811,0.7
1832-8105,1.043
1976-1597,0.845
1225-9276,0.204
1819-5164,0.344
0004-9522,0.20800000000000002
1038-5282,0.858
1839-4655,0.7170000000000001
0888-4080,1.466
0003-6846,0.75
1476-7503,0.6459999999999999
0306-4603,2.6860000000000004
1606-6359,1.972
1196-1961,1.29
0002-7162,2.401
0002-7316,1.902
0142-6001,3.225
1472-6920,1.511
1472-6939,1.969
1941-1383,3.1910000000000003
1550-3585,1.182
1550-3585,1.182
1449-5554,1.396
1935-1704,0.22
1866-9557,2.414
1472-684X,2.335
0007-1315,1.8940000000000001
0007-2303,3.0669999999999997
0896-4289,2.4419999999999997
1554-351X,3.597
0735-3936,1.0590000000000002
1364-5579,2.11
1754-9507,1.4409999999999998
1054-8289,1.588
0962-8770,3.029
1569-2094,0.16699999999999998
0795-4778,0.28600000000000003
1537-260X,2.866
1012-8255,0.617
0001-4575,2.5839999999999996
0888-7993,1.73
1945-7782,5.0280000000000005
0940-5550,1.75
1090-8471,0.917
0002-0206,0.934
0002-8762,1.73
0142-7164,1.8359999999999999
1532-673X,1.089
0018-7259,0.9390000000000001
0275-0392,0.794
0047-0767,0.684
1871-2584,1.025
1745-8552,1.636
0963-1801,1.204
0955-7571,0.6509999999999999
0002-919X,0.58
1582-9146,0.664
0889-048X,2.568
1463-4996,0.5770000000000001
0192-6187,0.5710000000000001
1753-3015,1.026
0218-8791,0.696
0816-4649,0.754
0156-5788,1.036
1010-5395,1.013
0007-0998,2.057
1087-2914,4.041
1042-0533,1.575
0001-690X,4.984
1944-7515,1.901
1744-1730,1.057
1225-925X,0.171
1948-1985,1.452
1472-4782,1.179
0965-2140,5.952999999999999
0736-9387,1.7930000000000001
1529-7373,0.16699999999999998
0748-4518,4.316
1068-0667,0.659
1542-7560,0.722
0951-6328,1.4040000000000001
0022-4146,2.2430000000000003
0021-8499,2.3280000000000003
0167-6164,0.8
1052-9284,1.13
0147-5967,1.236
0090-9882,1.0
0095-8964,2.472
0272-4944,3.553
1097-198X,1.0
0022-0388,1.526
1938-8926,1.214
1938-8926,1.214
0022-216X,0.804
2168-1678,1.375
0022-2186,1.032
1073-1105,0.986
1049-2089,0.86
0361-6878,1.3230000000000002
0276-8739,3.444
0276-8739,3.444
0898-0306,0.245
0898-0306,0.245
1741-1122,0.851
0894-3796,4.229
0890-765X,1.7619999999999998
1067-828X,0.532
1062-1024,1.588
0021-9630,6.486000000000001
1068-5502,1.094
1042-1726,1.517
0021-9029,1.439
0021-9320,1.217
0021-9347,0.5710000000000001
0143-005X,3.9730000000000003
1556-3693,0.642
1556-3693,0.642
1478-9949,0.8909999999999999
1478-9949,0.8909999999999999
0022-0027,3.491
1357-034X,2.9
1542-4766,2.975
1350-1763,2.9939999999999998
0276-1467,1.969
1104-6899,1.4080000000000001
0022-1546,2.283
0742-1222,2.7439999999999998
0378-2166,1.0390000000000001
1061-0421,2.7569999999999997
0191-5886,1.595
0890-8567,6.25
0193-9459,1.3230000000000002
0279-1072,1.6669999999999998
1050-6519,0.75
1871-5192,1.8219999999999998
0022-5002,2.01
0022-0965,2.424
2212-1447,1.216
0966-0879,1.073
0952-1909,0.809
0270-3149,0.305
0950-0170,2.195
0258-6770,1.797
0378-5920,1.229
0378-5920,1.229
1741-038X,2.194
1744-5647,1.6
0267-257X,2.229
0267-257X,2.229
0890-0523,0.594
0958-9236,0.9179999999999999
0091-8369,1.2770000000000001
0091-8369,1.2770000000000001
0741-9457,1.185
1103-3088,0.69
1103-3088,0.69
1433-0237,0.491
1057-3631,1.1909999999999998
0966-0429,1.912
0943-8149,0.44799999999999995
0047-2727,1.905
0197-5897,1.375
0197-5897,1.375
1741-3842,1.67
0165-4101,3.282
0165-4101,3.282
1068-9583,1.893
1078-3903,0.9390000000000001
0003-0651,0.5379999999999999
0091-4169,0.8859999999999999
0351-0026,0.62
0889-4655,2.097
0022-1031,2.87
1074-8407,1.955
1524-8372,1.865
0021-9924,1.696
2054-0892,1.0290000000000001
1074-1240,0.5
0022-1082,5.397
0304-405X,5.162000000000001
1479-8409,1.686
1540-4048,0.69
0022-1821,1.036
0747-5632,3.536
0267-3649,0.867
0731-7115,0.862
0147-5916,2.432
0010-8847,1.403
0964-8410,2.705
1040-0419,0.8859999999999999
0093-8548,2.168
0011-1287,1.9409999999999998
0192-3234,1.909
1092-1095,0.8809999999999999
0309-6564,0.11800000000000001
0227-5910,1.5830000000000002
0279-5442,1.7069999999999999
0958-1596,2.412
1654-4951,0.368
1654-4951,0.368
0141-9870,1.176
0141-9870,1.176
1468-7968,1.178
0925-4994,0.662
0012-155X,1.526
1388-364X,1.121
0014-4983,1.176
1479-1420,0.47200000000000003
1479-1420,0.47200000000000003
1753-9129,0.569
0363-7751,1.8940000000000001
0951-7367,4.266
0012-1924,0.8109999999999999
1040-7391,1.5119999999999998
1212-3609,1.311
1040-9289,1.3769999999999998
2167-4795,2.395
0261-0183,1.8359999999999999
1529-5036,0.789
2059-5794,1.516
1753-1055,0.7340000000000001
1468-2702,3.4530000000000003
0895-3309,5.607
0163-9625,1.242
0163-9625,1.242
0967-3407,0.5379999999999999
2399-6544,1.864
2399-6544,1.864
0954-1748,0.863
0176-2680,1.246
1889-1861,3.5239999999999996
2000-8066,4.209
0046-2772,2.048
1064-1297,2.354
0022-3433,2.419
0306-6150,3.815
1328-4207,1.433
1072-5369,2.301
2330-1635,2.835
0145-2096,0.405
0965-3562,1.06
0159-6306,1.902
1064-0266,1.351
0010-4175,0.623
1369-1058,1.742
0165-005X,0.983
0747-4938,1.218
1682-3206,0.518
0924-6460,1.9609999999999999
0963-2719,1.8519999999999999
1094-9968,3.864
0013-1784,0.258
1359-432X,2.638
0965-4313,1.8630000000000002
0936-2835,0.9690000000000001
0251-2920,0.19399999999999998
0022-3891,2.339
1077-7229,2.38
1262-2788,0.25
0958-8221,1.9280000000000002
1055-3290,1.4180000000000001
1444-3058,0.311
0162-3257,3.4760000000000004
0251-3625,0.26899999999999996
0013-0117,1.187
1570-677X,2.675
0165-1765,0.581
0264-9993,1.696
0022-0787,0.7929999999999999
1069-4730,1.976
0013-1644,1.663
1040-726X,4.797
0046-1520,4.488
2154-1647,1.0
0748-8491,0.78
0954-1985,0.917
0954-1985,0.917
1042-9247,0.48700000000000004
0425-0494,0.759
2193-1127,2.9819999999999998
0095-6848,0.688
1162-9088,0.515
1046-3283,3.75
1461-6696,1.111
2049-5838,1.256
1361-374X,0.516
1355-5502,0.5429999999999999
1470-4129,0.183
0001-8791,3.052
0301-0066,1.371
0741-8825,2.456
0892-9912,2.932
0951-6298,1.167
0942-5403,1.778
1477-8238,0.8640000000000001
0163-4437,1.305
0094-582X,0.575
1531-426X,1.17
1470-8396,1.516
0023-9216,1.625
0897-6546,1.089
1354-5078,0.679
0028-0283,0.597
0889-3365,3.154
1750-4708,1.0859999999999999
1750-6980,0.922
1755-2966,2.0
0026-5535,1.645
1532-9194,2.569
2050-1579,1.6219999999999999
0146-7239,1.837
0104-754X,0.257
1029-8649,1.14
0030-9230,0.7
0268-1072,1.469
0031-5826,5.523
0969-7330,1.876
1320-7881,1.159
1540-9996,2.097
1090-9516,3.9930000000000003
1754-9957,0.4
0892-7537,3.188
1088-8683,9.281
1757-9139,1.521
2334-2315,1.053
1543-4494,1.4340000000000002
0938-8982,1.147
0938-8982,1.147
0097-7004,0.8
0952-9136,2.353
1053-8100,2.272
1012-5302,0.426
0196-3228,0.522
0090-8320,0.805
0011-3921,1.2409999999999999
1177-1828,0.133
0031-2290,1.163
0023-6942,0.182
0895-2779,2.41
0023-7639,1.5
0023-7639,1.5
0363-0277,0.45799999999999996
0024-2527,0.657
0167-6318,0.5579999999999999
0305-7410,2.276
1901-2276,0.564
0010-7530,0.302
0129-797X,0.9059999999999999
0738-3991,2.785
0078-172X,0.161
0305-0483,4.311
0030-2228,0.87
0190-535X,1.785
0010-8812,0.486
1044-3894,0.537
1091-7527,1.077
1354-5701,1.419
0966-3622,1.038
1468-0777,1.4669999999999999
1464-7001,0.941
0965-8416,1.077
1866-9808,1.444
0790-8318,1.6580000000000001
0950-0782,1.262
0140-2390,1.671
0140-2390,1.671
1028-3153,2.255
1354-0661,2.545
0922-1425,0.275
0025-7273,0.867
0023-8309,1.235
0265-5322,1.431
1846-5412,0.021
0300-3930,1.44
0305-8034,0.09699999999999999
1583-3410,0.838
1877-9751,0.371
1554-0626,2.133
1570-7156,1.0
1729-0376,0.639
1529-8868,1.435
1871-1871,1.3330000000000002
0041-3011,0.21100000000000002
0898-588X,0.455
0039-3665,1.4780000000000002
1081-1826,0.855
1081-1826,0.855
1016-6262,1.239
0020-2754,3.207
0924-1884,0.868
1895-6912,1.058
1040-3590,3.3710000000000004
0033-2909,13.25
0887-0446,2.459
0962-9343,2.392
0962-9343,2.392
1231-1413,0.10300000000000001
1098-6111,1.865
1449-4035,1.44
1449-4035,1.44
0190-292X,2.83
0190-9320,1.8769999999999998
1058-4609,2.738
0305-7356,1.275
1473-3250,1.0
0347-0520,1.091
0835-1813,1.8259999999999998
0965-206X,1.925
0956-5221,1.344
0080-6757,0.452
0039-3320,0.511
0893-3189,1.444
1441-3523,3.516
1061-6934,0.6940000000000001
0888-4781,1.354
0888-4781,1.354
1354-0602,2.378
0049-3155,1.188
0040-1625,3.1289999999999996
0041-9494,2.638
1469-0292,2.878
2152-0828,2.5
2152-0828,2.5
1069-9384,3.092
1361-3324,1.202
0032-3292,1.976
0090-5917,0.7879999999999999
0258-9346,0.5
0295-2319,0.271
1752-2439,1.151
0033-3174,3.81
0191-3085,3.238
0191-3085,3.238
0022-5258,1.315
0966-6923,2.699
1054-8408,1.975
0956-7933,0.5
1445-6354,1.0959999999999999
0360-0025,2.024
0308-597X,2.109
0732-2399,2.7939999999999996
1532-4400,1.425
0090-6514,0.226
0718-4808,1.047
0929-9971,0.389
0040-4411,2.209
1860-7330,0.426
1357-5317,0.595
0741-6261,1.5730000000000002
1060-586X,2.5780000000000003
0048-5829,1.064
0033-3549,1.605
0954-0962,0.8809999999999999
1043-4631,0.444
0096-1442,0.261
0302-3427,1.368
1945-497X,0.961
1532-3005,1.661
1618-8667,2.782
0811-1146,1.286
0042-0980,2.6039999999999996
1094-429X,0.797
0346-251X,1.547
1386-7415,0.615
0040-5841,1.178
0959-3543,0.816
2047-1025,1.4809999999999999
0048-5713,0.336
1321-8719,0.787
0736-9735,0.8240000000000001
0038-3910,1.209
1571-0718,0.16699999999999998
0049-4488,3.1510000000000002
2324-9935,2.25
0123-885X,0.742
0303-8300,1.6480000000000001
1474-2837,1.581
0894-1920,1.8230000000000002
0894-1920,1.8230000000000002
1864-9335,1.2
0145-5532,0.39299999999999996
0882-7524,0.461
0305-9006,3.813
1559-7431,2.6860000000000004
0038-4941,0.8740000000000001
0038-0121,1.61
0038-0407,2.9
0038-0407,2.9
1406-0922,0.22
1363-4615,1.5
1648-4460,1.112
8756-9728,1.9569999999999999
1049-0965,0.895
0741-1235,1.0
0741-1235,1.0
0038-0377,0.28600000000000003
0020-6598,1.735
1554-7191,2.406
1554-7191,2.406
1367-0271,0.71
1445-9795,1.5630000000000002
1355-2554,1.8630000000000002
1088-7679,1.063
0167-6245,0.98
0210-3702,0.691
1499-9013,0.6729999999999999
1462-3730,0.5379999999999999
0091-2174,0.6809999999999999
0020-7594,1.867
1661-8556,2.617
0160-0176,1.75
1477-3880,0.618
1369-801X,0.235
0021-0552,1.087
1554-964X,0.313
0896-3746,0.667
0896-3746,0.667
0840-6529,2.571
2326-5094,1.1540000000000001
1239-9736,1.055
1467-0895,0.9690000000000001
0018-9391,1.416
0267-3037,1.639
1074-4827,1.185
0308-5694,0.231
2041-4161,1.526
0266-2426,3.9
1365-8816,2.37
1571-0068,1.0859999999999999
1528-3577,1.034
1521-9488,1.631
1752-9719,1.6669999999999998
0021-0862,0.43
2469-9896,1.42
0016-7223,1.1
0197-2243,1.889
1353-8047,2.42
1480-8986,0.703
0265-2323,2.294
1939-1382,1.869
1367-8779,0.976
0952-3367,0.294
0235-7186,0.473
0949-2984,1.75
0949-2984,1.75
0269-1191,0.10400000000000001
1366-2716,1.338
1086-1653,0.385
0147-8257,0.8
0017-8063,2.65
0017-808X,1.111
0018-1560,1.9369999999999998
0275-7206,0.672
0167-6687,1.265
0955-3959,4.244
0276-3478,3.897
0251-2513,1.306
1715-2593,0.8390000000000001
1756-0616,0.6579999999999999
0160-2527,1.28
0960-0035,4.215
1747-6321,0.28600000000000003
1070-289X,0.92
0149-7952,0.179
0143-5671,0.759
1088-3576,0.9590000000000001
1940-1612,2.468
1405-1079,0.10300000000000001
1065-3058,1.18
1386-9620,1.306
1041-0236,1.71
1353-8292,3.0
0957-154X,0.6409999999999999
0129-2986,0.574
1036-1146,0.722
1472-698X,1.7619999999999998
0312-407X,0.867
1045-3172,3.0589999999999997
1353-0194,0.589
1935-1682,0.306
1476-7503,0.6459999999999999
0008-4085,0.648
0002-9483,2.9010000000000002
0143-6228,3.117
0090-0036,4.38
0515-0361,0.9059999999999999
1472-6939,1.969
2313-5433,0.059000000000000004
1939-3792,3.7680000000000002
0895-7347,0.8640000000000001
0728-4896,1.1179999999999999
0214-4840,2.021
0741-7136,1.2570000000000001
0376-6357,1.555
0005-7967,4.1339999999999995
1748-8885,0.95
0016-3287,2.256
0001-9909,2.5
0002-9602,3.764
1058-0360,1.713
0018-7208,2.371
0167-9457,1.84
1118-4841,0.5489999999999999
2374-3670,0.25
0002-0184,0.040999999999999995
0001-9720,0.596
1045-6767,1.62
1044-8004,1.875
1478-4491,2.44
0954-5395,2.343
1648-715X,1.571
1874-463X,1.367
0197-4556,1.348
1556-8318,1.892
0278-2626,2.574
0093-934X,2.8510000000000004
0340-5370,0.16699999999999998
1366-7289,2.707
1751-0759,1.0
1752-1378,3.968
0096-140X,2.2159999999999997
0091-0562,2.322
0002-9246,0.33299999999999996
2332-3256,0.522
0257-9774,0.075
0212-9728,0.7559999999999999
1444-2213,0.426
1038-4111,1.163
1061-5806,2.064
1035-8811,0.444
0726-8602,0.595
1035-6908,0.6609999999999999
0730-7659,2.329
0380-1489,0.52
1090-7165,3.017
0954-0121,1.994
0899-9546,1.756
0002-9300,1.9069999999999998
0001-6810,0.7390000000000001
0003-5033,0.209
1944-7515,1.901
1472-6874,1.806
0963-1798,2.892
0894-3257,1.788
0160-7715,2.88
0005-7916,2.397
1361-7672,0.604
2040-199X,0.512
1092-6771,0.698
0021-8863,1.368
0923-4748,2.6860000000000004
0095-0696,2.635
0022-1090,2.049
0022-1090,2.049
0047-2328,0.34
1387-6988,1.8619999999999999
1943-9342,0.723
1056-263X,1.305
2168-1678,1.375
0022-2186,1.032
0022-2194,2.3409999999999997
0022-2216,1.172
2047-2978,4.195
1864-1105,1.1179999999999999
0749-596X,2.8289999999999997
1875-6859,0.231
0022-4154,0.5
0911-6044,1.547
1546-2234,0.7440000000000001
1546-2234,0.7440000000000001
1743-9760,2.594
1460-1559,0.758
1522-8932,0.38
1057-7408,2.8089999999999997
1359-1053,2.039
1355-8196,1.8659999999999999
1740-1445,3.595
1350-1763,2.9939999999999998
0149-2063,8.08
0305-7488,0.833
0888-0395,0.945
0278-095X,1.521
0895-562X,1.2670000000000001
1526-9523,1.329
1050-8392,2.0869999999999997
0092-6566,2.85
0002-8614,4.155
0043-650X,1.16
1611-1699,1.5030000000000001
0022-0965,2.424
0022-1309,0.6
0022-0094,0.915
1078-3458,0.6920000000000001
0022-0167,3.344
1744-6619,0.226
1043-4070,0.455
0043-8871,3.25
0194-472X,1.929
0890-0523,0.594
1566-4910,1.329
0741-0883,1.2670000000000001
0022-3980,1.5190000000000001
0734-7332,1.246
0167-482X,1.9
0022-2879,1.47
0022-2895,1.5130000000000001
0091-0627,3.287
0179-6437,0.615
1661-4747,0.6609999999999999
0143-814X,1.262
0278-4254,1.796
1088-4602,0.7140000000000001
1438-3608,0.5379999999999999
1074-8407,1.955
2044-5911,1.3780000000000001
1753-0350,0.9440000000000001
1045-5736,3.048
0920-9034,0.63
0739-456X,2.3280000000000003
0022-1082,5.397
1079-5006,4.902
0098-9134,0.752
1557-1912,1.284
0022-1821,1.036
0022-1678,0.614
0360-1315,4.538
0309-8249,0.878
0095-4470,1.5190000000000001
1362-0436,1.725
0364-0213,2.617
1613-7027,1.2
0963-1690,1.5530000000000002
0010-1958,3.89
0011-1384,3.7960000000000003
0899-5885,0.488
0958-1596,2.412
1370-0049,0.043
1388-1957,1.08
0892-6794,1.045
1741-6590,0.8859999999999999
0959-5236,2.855
1019-6781,3.818
1467-2227,0.556
0013-9165,3.549
0013-5984,1.393
1134-3478,2.838
0165-0750,4.073
0942-4040,0.071
1212-3609,1.311
0925-8558,0.33299999999999996
1381-4338,6.48
0022-0507,1.379
0022-0515,3.653
1748-7870,1.5130000000000001
0950-0804,2.299
0012-1533,0.56
0950-6764,1.403
0954-5794,4.357
0378-7931,0.3
1528-3542,3.0389999999999997
0195-9255,3.054
0047-2506,6.1979999999999995
1042-4431,1.719
0261-5606,1.6230000000000002
1889-1861,3.5239999999999996
2000-8066,4.209
1567-7133,1.095
0276-2374,0.6
0142-5455,1.645
0263-7758,2.4659999999999997
1756-932X,1.268
0825-8597,0.882
1350-5068,0.769
0967-067X,0.722
0010-3853,1.159
0305-4403,3.0610000000000004
1354-7860,0.627
1936-6574,1.8630000000000002
0968-7599,1.212
1232-8855,0.182
1474-4740,3.35
0165-005X,0.983
1076-9986,2.233
1368-4221,1.1520000000000001
0012-9682,3.75
0013-0427,1.641
0304-4076,1.632
0304-4076,1.632
0964-2633,2.026
0022-1953,0.563
1356-1820,1.601
0307-5400,0.922
0965-4313,1.8630000000000002
1016-9040,2.174
1062-7987,0.434
0008-8994,0.111
1610-241X,0.831
0146-8693,2.412
1474-7472,1.195
0165-1587,1.6669999999999998
1359-1045,1.705
0936-5907,1.902
0010-440X,2.128
0958-8221,1.9280000000000002
0156-5826,0.156
1444-3058,0.311
1944-8953,0.466
1053-0797,0.6809999999999999
0272-7757,1.2930000000000001
2160-5882,1.639
0013-0095,6.438
0143-831X,1.361
0095-2583,1.031
1035-3046,0.887
0011-3530,0.43
0731-1745,1.389
0013-1857,0.8640000000000001
0305-5698,0.629
1139-613X,1.3230000000000002
0013-3035,0.327
0046-208X,0.33299999999999996
0014-0139,2.019
1353-1042,0.263
1367-3270,2.551
2005-3673,0.45899999999999996
0195-3613,0.395
0266-7215,2.7260000000000004
1758-3004,1.109
0013-8266,0.418
0028-3932,2.888
1061-1924,0.547
1061-1924,0.547
0026-9301,0.316
1210-8812,1.435
2195-4194,0.625
0717-1285,0.136
0923-7992,1.368
0951-2748,1.8090000000000002
0951-2748,1.8090000000000002
0145-482X,0.623
1757-5818,3.4139999999999997
0092-623X,1.8319999999999999
0966-9582,3.3289999999999997
0273-5024,1.7309999999999999
1331-1441,0.767
0163-4437,1.305
0738-2480,0.635
0147-7307,2.867
0167-5249,0.512
1742-7150,1.462
0718-2244,0.368
0028-0283,0.597
0748-4526,0.298
0025-8938,0.8909999999999999
1097-184X,1.8630000000000002
1540-1960,1.8619999999999999
1745-0101,2.419
1745-0101,2.419
0029-6465,0.812
0146-7239,1.837
0363-3624,1.245
1754-9957,0.4
1011-6702,0.679
1011-6702,0.679
0047-2891,3.247
1932-8621,1.182
1537-5927,1.642
1538-6341,2.45
0023-2653,0.742
0165-4896,0.604
0959-4752,3.967
1355-3259,1.837
1355-3259,1.837
0261-3875,0.763
0149-0400,1.585
1581-5374,0.8220000000000001
1475-357X,1.5930000000000002
1750-8592,3.207
0265-6590,0.848
1077-5595,2.984
1614-1881,0.519
0026-7902,2.7889999999999997
0738-8942,1.6
0960-7773,0.308
1074-7427,3.2439999999999998
1090-0578,2.045
2152-2715,2.6889999999999996
0031-2746,0.9129999999999999
0023-656X,0.725
0700-3862,0.18899999999999997
1527-0025,1.107
0888-4773,2.169
1460-7425,1.64
0745-5194,1.85
0745-5194,1.85
0740-8188,1.3719999999999999
0898-5898,0.892
1077-5587,2.315
1087-2981,1.44
1048-6682,1.633
1030-4312,0.782
2448-5799,0.473
0014-729X,0.439
0014-729X,0.439
1938-9655,2.06
0748-1187,1.16
0748-1187,1.16
1751-2786,1.6780000000000002
1464-8849,2.119
0197-6664,1.7269999999999999
1091-7527,1.077
0014-9187,0.531
1557-0851,0.871
1354-5701,1.419
0141-7789,1.55
1543-4303,0.868
1543-4303,0.868
2327-3798,2.086
1351-0347,2.5
0938-5428,1.186
1751-6757,0.672
0021-5368,0.652
0023-8333,1.655
0023-8309,1.235
1362-1688,2.086
0097-8507,2.34
0026-3141,0.5479999999999999
0197-7261,1.22
1354-9839,1.9280000000000002
0360-4918,0.9079999999999999
0028-0739,0.35
0963-6625,2.452
0304-422X,1.649
0032-8855,0.698
0034-7329,0.9059999999999999
0258-7203,0.14800000000000002
1748-5983,2.735
1363-6669,0.54
0921-898X,2.852
0951-5089,1.0759999999999998
0048-3915,1.25
0048-3931,0.5589999999999999
0040-716X,0.179
0039-3606,1.0
0158-037X,1.3
0893-164X,2.516
0033-2917,5.475
0144-2872,0.7140000000000001
0962-6298,3.495
1470-594X,0.795
1470-594X,0.795
1065-9129,1.5230000000000001
0034-6527,4.455
0080-6234,0.743
0211-5743,1.013
0210-5233,0.75
0213-2028,0.196
0305-7356,1.275
0033-2941,0.667
1469-7688,1.17
0346-1238,1.55
0283-9318,1.318
0164-0275,2.0
1750-9467,1.675
1476-6825,1.105
0036-5483,0.259
0272-2631,2.702
1743-0437,0.667
0742-051X,2.4730000000000003
1300-2163,0.5479999999999999
0033-3042,1.25
1469-0292,2.878
1942-9681,2.673
0043-0617,0.75
0163-660X,1.263
0163-660X,1.263
0033-6807,1.857
0306-3968,0.782
1094-4281,4.918
0033-3174,3.81
0937-2032,1.128
0034-7590,0.40399999999999997
0267-1522,1.475
1540-7969,1.778
0263-5143,0.513
0034-527X,1.976
0301-4207,2.695
0966-6923,2.699
2214-1405,2.7739999999999996
1943-9962,0.736
0038-9765,4.585
0926-7220,1.265
0098-7913,0.31
2164-3962,1.1520000000000001
2164-3962,1.1520000000000001
0146-1044,1.129
1468-1811,1.649
1536-867X,2.158
0039-6338,1.09
1387-6740,0.308
0042-0859,2.1
1948-8327,2.033
1060-586X,2.5780000000000003
2040-5960,0.284
1754-9973,1.083
0737-1209,1.163
0033-362X,2.0
1530-9576,1.197
1080-8620,1.103
2222-3436,0.505
0294-0337,0.35700000000000004
0294-0337,0.35700000000000004
0971-7218,0.7070000000000001
1424-7755,0.741
0954-349X,1.5419999999999998
0092-4563,0.375
1368-0005,0.9229999999999999
0040-5833,0.522
1386-7415,0.615
1386-7415,0.615
0304-2421,1.025
1355-6509,0.455
0041-1612,1.686
0191-2615,4.081
1361-9209,3.445
1075-2730,2.205
1095-158X,1.8219999999999998
1095-158X,1.8219999999999998
1057-9249,3.455
0735-1690,0.228
1541-132X,1.25
1136-1034,2.075
1888-9891,2.233
0265-9646,0.5329999999999999
0265-9646,0.5329999999999999
1369-8478,1.935
0041-1868,0.879
0041-1868,0.879
1572-3097,2.023
0269-1728,0.316
0037-7732,2.156
0951-631X,0.473
0303-8300,1.6480000000000001
2156-8693,0.9620000000000001
0378-8733,2.53
1381-2890,1.261
1948-5506,2.633
1756-8757,2.2840000000000003
0271-8294,0.78
0271-8294,0.78
1478-3363,1.526
0035-2969,0.569
0212-6109,0.43799999999999994
2183-6051,0.14300000000000002
0277-9536,3.0069999999999997
0038-4941,0.8740000000000001
0147-2011,0.529
0141-9889,2.122
0731-1214,1.013
1360-7804,0.575
0038-0199,2.6319999999999997
1678-7153,0.5
0034-690X,0.204
0038-0296,0.4
1474-6743,1.7380000000000002
1567-9764,1.8840000000000001
1367-0271,0.71
1076-9307,0.804
0169-2070,2.186
1499-9013,0.6729999999999999
1557-1874,1.192
1049-8931,2.5
0020-7578,0.752
0954-2892,1.4169999999999998
1353-4505,2.5540000000000003
0954-0261,2.7319999999999998
1384-6647,0.9470000000000001
1053-4512,0.578
0187-358X,0.212
1392-2785,0.7090000000000001
2042-5791,2.121
1664-0640,2.8569999999999998
1554-964X,0.313
1526-3800,3.237
0952-1895,3.833
1477-7525,2.278
1369-118X,3.0839999999999996
1403-6096,1.167
0308-5694,0.231
0020-7144,1.111
2211-6095,1.069
0885-6230,2.94
0020-7276,0.5
0255-7614,0.877
1931-7611,1.014
0020-8833,2.148
0969-6016,2.4
0015-704X,0.812
0031-9384,2.517
0016-7428,1.061
1212-0014,0.745
0306-4573,3.444
1368-1613,0.762
1368-4302,2.237
1047-7047,2.301
0730-9295,0.968
1070-5503,2.012
1367-0050,1.765
1071-5819,2.3
0361-1434,0.7559999999999999
1525-822X,1.4709999999999999
0015-198X,1.413
0015-2218,0.5
0178-7667,0.08900000000000001
0957-1558,0.031
1366-2716,1.338
0019-8501,3.678
0019-4646,0.5
1876-4045,0.629
0017-8012,4.374
0017-8055,2.634
0093-0334,1.472
0017-8322,0.609
0018-2133,0.192
0046-9580,0.574
2190-5010,0.294
0018-246X,0.396
0309-1317,2.239
0738-0593,1.403
0147-1767,1.58
0160-2527,1.28
0950-3846,0.971
0143-7720,0.6609999999999999
0966-369X,1.594
1088-3576,0.9590000000000001
0739-9332,0.85
2191-1991,1.4509999999999998
1369-6513,2.173
1369-6513,2.173
1351-3958,0.444
1535-3516,0.755
1367-2223,0.74
1976-1317,0.9179999999999999
2040-5790,1.246
0005-0067,1.426
0007-1080,1.953
1045-3172,3.0589999999999997
1935-1690,0.37799999999999995
0169-3867,1.311
1726-569X,0.28800000000000003
0335-5322,0.297
1059-7123,1.0
0007-1234,3.326
0144-6665,1.775
2469-4452,2.097
1075-2935,1.906
1040-0435,1.089
0267-1905,4.88
1548-5943,13.277999999999999
0304-3754,0.321
0002-726X,0.5710000000000001
0002-726X,0.5710000000000001
0092-5853,5.22
0818-9935,0.433
0895-7347,0.8640000000000001
0895-7347,0.8640000000000001
0004-0002,3.2230000000000003
0894-587X,2.821
0894-587X,2.821
0001-8392,5.877999999999999
0001-8244,2.036
0005-7894,3.228
0962-8770,3.029
1052-150X,1.757
0007-6791,1.075
0007-6791,1.075
0007-6805,1.162
1463-7154,1.308
0886-1099,0.833
0363-7425,8.855
0001-4575,2.5839999999999996
0213-9111,1.581
0065-4124,0.364
0004-0894,2.195
0920-427X,1.114
0095-327X,0.5479999999999999
0018-7267,3.043
1044-8004,1.875
0163-7525,9.491
0360-0572,6.773
0003-5548,0.866
0095-2990,2.231
0003-1615,0.452
1582-9146,0.664
0065-2601,8.8
0065-2601,8.8
0301-4460,1.531
0002-1482,0.225
0761-3032,0.5
1098-2140,1.339
0192-6187,0.5710000000000001
1064-7481,3.48
0004-8992,0.37
0004-900X,0.535
1443-1394,0.4
0025-9284,0.743
0887-6177,1.59
1948-5565,1.297
0217-4561,2.474
0269-9702,1.66
1585-1923,0.115
0141-1926,1.696
0007-0955,2.464
0007-1005,2.295
0008-4840,0.7859999999999999
1695-9752,0.267
0954-0121,1.994
0098-8588,0.769
0161-9268,0.8220000000000001
0735-0414,2.3680000000000003
0002-9432,1.531
1870-0063,0.127
1472-4782,1.179
0729-4352,0.33299999999999996
0282-423X,0.662
1744-6740,0.39399999999999996
0378-4266,1.931
0022-4146,2.2430000000000003
0021-8537,0.718
0021-8553,0.027000000000000003
0898-2643,2.134
0090-4392,0.8009999999999999
0090-4392,0.8009999999999999
0887-6185,3.4810000000000003
1475-1585,1.42
1523-908X,2.739
1386-4181,1.26
0094-5145,1.53
1044-2073,1.104
1550-4263,2.036
2168-1678,1.375
0022-2194,2.3409999999999997
0047-2530,1.143
1055-1360,1.636
1055-1360,1.636
1389-4978,1.986
0361-6878,1.3230000000000002
1614-0001,1.2830000000000001
1741-1122,0.851
0022-3808,5.247000000000001
0963-8016,2.362
0963-8016,2.362
0022-3840,0.183
0022-4391,1.935
1359-0987,1.473
0890-4065,1.228
0953-4814,1.262
0022-4375,2.394
0305-0009,1.791
1053-8712,1.133
1063-8652,2.0380000000000003
0264-3758,1.018
0095-7984,1.551
0278-0771,0.89
1522-8932,0.38
1083-6101,4.0
1472-0817,1.659
1469-5405,1.672
0093-5301,3.535
2044-5415,7.226
0958-9287,1.5419999999999998
0959-2695,0.405
1091-4358,0.9670000000000001
1931-5864,0.833
0268-3946,1.547
0895-562X,1.2670000000000001
0737-6782,4.305
1937-321X,0.8240000000000001
1351-0126,1.702
1180-4882,5.182
1350-231X,1.564
0021-8251,2.5
0141-0423,1.673
0969-6989,2.9189999999999996
1753-9579,0.485
1093-6793,1.2309999999999999
0744-8481,1.3259999999999998
1067-0564,1.575
0363-0242,1.307
0277-5395,1.0490000000000002
1611-1699,1.5030000000000001
0735-0015,2.115
0167-4544,2.917
0889-3268,2.576
1573-3750,3.912
0022-0973,1.867
0022-0973,1.867
0929-1199,2.215
2165-0799,0.831
0305-750X,3.1660000000000004
0022-1325,0.9179999999999999
0022-1325,0.9179999999999999
0022-1341,1.08
0309-8265,1.213
1354-571X,0.183
1936-8623,2.6830000000000003
1566-4910,1.329
1545-102X,2.1430000000000002
0932-4089,0.519
0044-1449,0.055999999999999994
0148-4834,1.185
0948-6704,1.16
1616-3443,0.561
1097-3923,1.022
0021-8456,4.542
0160-6689,4.247
1078-3903,0.9390000000000001
0340-1804,0.5710000000000001
0898-929X,3.468
0021-9916,3.7289999999999996
0022-0221,1.348
1753-0350,0.9440000000000001
1081-4159,1.611
0739-456X,2.3280000000000003
0885-4122,3.15
0893-3200,2.231
0304-405X,5.162000000000001
0304-4068,0.47
0198-9715,3.7239999999999998
1381-298X,0.6409999999999999
0737-0008,2.654
1322-7696,1.153
0964-8410,2.705
1535-3958,4.918
1040-0419,0.8859999999999999
1742-058X,1.31
0010-1923,0.419
1045-2354,3.182
1355-7858,1.766
1466-1381,0.8490000000000001
0925-4994,0.662
1748-8958,1.2770000000000001
1389-5753,1.489
0898-5626,2.7910000000000004
0013-9165,3.549
2162-0555,2.3
0269-9206,1.1909999999999998
1040-7391,1.5119999999999998
1538-6473,2.2159999999999997
1076-9242,1.186
0888-3254,0.8170000000000001
0885-2006,2.364
0896-9205,1.295
1566-0141,1.871
1747-7891,1.22
0967-3407,0.5379999999999999
1084-5453,0.696
0022-1996,2.168
1042-4431,1.719
1408-6980,1.25
0963-8199,0.485
0168-6577,1.28
1015-5759,1.985
0377-7332,0.9740000000000001
0377-919X,0.179
1549-8417,2.6830000000000003
0264-2751,2.7039999999999997
1535-6841,1.087
1876-1399,1.64
0341-2059,0.7440000000000001
0010-4086,1.815
0010-4159,1.3769999999999998
0738-0895,0.375
1750-4813,0.789
0957-9265,1.339
1471-0153,2.004
1471-0153,2.004
0305-7925,1.828
0882-4371,0.083
1135-6405,0.7190000000000001
1749-9755,0.904
0011-3204,2.326
0022-0655,0.9359999999999999
1047-4412,0.636
0266-4666,1.069
1874-8597,1.3030000000000002
0140-9883,3.91
0013-9157,2.963
0964-2633,2.026
0886-2605,2.443
1544-4759,0.882
0965-4313,1.8630000000000002
1755-7739,1.755
1356-3890,1.982
1474-7049,1.9780000000000002
1043-4542,1.294
1534-6501,0.742
0887-302X,0.85
0892-0753,0.973
2475-0158,
1648-3898,0.638
0882-5963,1.8
0013-0079,1.188
2160-5882,1.639
1933-527X,0.35600000000000004
0266-2671,1.2570000000000001
1063-4266,1.2
1740-1453,1.4909999999999999
0376-8716,3.322
0013-1644,1.663
0144-3410,1.344
0013-1881,1.5659999999999998
0013-189X,4.0
1436-4522,1.767
0013-0249,0.875
0013-791X,2.0
0266-4658,2.8789999999999996
1044-3983,4.9910000000000005
0889-1583,0.885
0734-306X,3.6069999999999998
1534-8458,0.511
1361-4916,1.023
1465-1165,1.885
0966-8136,0.8420000000000001
1175-8708,0.442
1868-8527,3.0239999999999996
1225-4657,0.263
1053-8135,1.7790000000000001
1060-3743,3.324
1362-9395,1.136
0026-4695,1.784
1365-1005,0.723
1534-8687,1.3869999999999998
0276-7783,5.43
0027-3171,3.6910000000000003
0030-9230,0.7
1463-6778,1.571
1356-3467,2.603
0028-7881,2.452
1350-4126,0.9059999999999999
1362-1017,1.173
0746-1739,1.148
0895-2841,0.522
1042-7961,0.28600000000000003
1576-5962,1.186
1932-8621,1.182
0031-5990,1.015
0022-4537,2.225
0047-2794,2.261
1350-293X,1.09
1613-9372,1.45
0026-2234,2.093
1556-1623,3.7060000000000004
1041-6080,1.42
0959-4752,3.967
0953-1513,1.632
1581-5374,0.8220000000000001
1684-4904,0.61
1086-671X,0.7759999999999999
0961-5423,2.4090000000000003
0145-2134,2.8989999999999996
0145-2134,2.8989999999999996
0009-3920,3.779
1053-1890,1.224
0190-7409,1.383
0028-8144,0.622
0026-7902,2.7889999999999997
1025-3866,2.2319999999999998
1056-8190,1.6569999999999998
1353-4645,0.107
1808-2882,0.205
2168-622X,16.642
1170-7690,3.989
1092-4388,1.906
0957-8811,1.3230000000000002
0021-9886,2.089
0745-5194,1.85
0264-8377,3.194
0142-6397,1.198
0169-2046,4.994
0169-2046,4.994
0169-2046,4.994
0024-2519,0.9129999999999999
0024-2667,0.5
1879-9264,1.349
0898-5898,0.892
0024-3892,1.256
1351-847X,0.848
1750-614X,0.857
1324-9347,2.25
1671-2234,0.946
0025-7079,3.338
0803-9488,1.764
0010-7530,0.302
0094-3061,0.34
1030-4312,0.782
1354-8565,0.893
0165-0645,0.14
0160-6379,1.365
0030-2228,0.87
1938-9655,2.06
1545-8490,1.063
1866-9808,1.444
0271-5309,1.051
0950-0782,1.262
0963-8687,4.313
1618-7598,2.6010000000000004
1460-1060,1.385
0929-1261,0.653
1606-822X,0.281
1018-2101,0.5
1210-0455,0.409
0963-6625,2.452
0034-7329,0.9059999999999999
0033-5630,0.596
1570-7156,1.0
1570-7156,1.0
0379-9069,0.318
1360-8746,2.155
1748-5983,2.735
0036-9241,0.588
0214-9141,0.083
1046-4964,1.163
1851-8265,0.35700000000000004
1070-5511,3.531
0963-6412,1.778
1063-1119,0.475
0278-016X,1.3219999999999998
0039-3665,1.4780000000000002
0307-5079,2.3209999999999997
0039-3681,0.748
1361-1682,1.91
0098-6283,0.991
0079-7308,0.111
1047-840X,26.364
0742-6046,2.023
1049-7323,2.4130000000000003
1081-6976,0.604
0305-5736,1.25
0032-3233,0.38
0962-6298,3.495
0373-2630,0.222
0034-8082,1.7830000000000001
0210-0614,0.632
1476-0835,2.097
1076-8971,1.892
1941-1022,1.662
0340-0727,2.329
0213-2370,0.2
1460-3799,0.48100000000000004
1478-0887,1.6669999999999998
0162-0436,1.109
0033-6297,1.338
0031-3831,1.167
1502-2250,1.235
0835-1813,1.8259999999999998
1742-1772,1.2309999999999999
1403-4948,1.646
0305-7267,3.455
1394-6234,0.425
0025-1747,1.525
1740-8776,1.462
0953-7325,1.49
0308-5961,2.0869999999999997
0736-5853,3.7889999999999997
0041-4751,0.313
1541-1559,1.6769999999999998
0033-3123,2.089
0957-8765,1.273
0968-3445,0.31
0032-3292,1.976
0032-3292,1.976
1478-9299,1.0
0032-3497,0.292
0749-5978,2.259
2041-3866,3.0669999999999997
1047-7039,3.0269999999999997
0170-8406,3.133
0033-3182,2.5340000000000003
0928-7655,1.92
1529-9732,2.6060000000000003
0047-2875,5.169
0950-5431,1.196
1448-5028,1.246
1479-2931,1.588
0041-5650,1.875
2040-8021,2.2
2071-1050,2.075
1387-6740,0.308
1657-9267,0.335
1615-5289,1.176
0033-3298,2.87
1531-2542,1.473
1060-586X,2.5780000000000003
1368-8790,0.386
1527-6988,1.278
0744-6020,0.578
0369-7827,0.875
0305-9049,1.5119999999999998
0899-2363,2.4130000000000003
1754-9973,1.083
0033-362X,2.0
0890-3670,0.537
1932-4391,3.488
0143-2095,5.482
0042-0905,0.295
0811-1146,1.286
0042-0980,2.6039999999999996
1092-7026,0.86
1478-1700,0.6
0965-8564,3.0260000000000002
0191-2615,4.081
0033-2747,2.186
0034-8910,1.911
1099-9949,0.526
1369-8478,1.935
0144-1647,4.647
1364-6613,15.557
0961-205X,2.042
1751-2395,6.143
0885-7466,0.826
0964-6639,1.25
0265-0525,0.545
0933-7954,2.918
0894-4393,3.253
0145-5532,0.39299999999999996
0539-0184,0.5710000000000001
0882-7524,0.461
0261-5177,5.921
0309-1325,6.885
0305-9006,3.813
1132-7200,0.254
0034-6586,1.2109999999999999
0969-2290,2.532
1369-1465,0.5
1035-0330,0.754
1477-8211,1.3330000000000002
1937-1918,0.504
1070-5309,1.0
0884-8971,1.62
0141-9889,2.122
0141-9889,2.122
0038-0253,1.61
0038-0261,2.169
1538-9588,1.274
0214-9915,1.516
2194-5993,0.35700000000000004
1567-9764,1.8840000000000001
1567-9764,1.8840000000000001
1036-1073,1.125
1944-0391,2.135
1445-8330,2.033
1470-949X,1.742
1384-5748,0.8590000000000001
0160-0176,1.75
1850-373X,0.36
1369-801X,0.235
0185-1667,0.39
1613-4141,1.242
0263-7863,4.328
1018-5895,0.6829999999999999
1470-2266,1.587
1744-1692,2.017
0265-0487,2.494
0091-4150,0.8809999999999999
0300-7839,1.642
1937-1209,2.065
0020-8590,0.469
1012-6902,1.9140000000000001
0162-2889,4.135
2199-9023,0.6
1931-7611,1.014
0020-8728,0.91
0351-0271,0.337
0015-7120,3.5239999999999996
0016-7223,1.1
1592-1638,0.6809999999999999
2329-4884,1.575
1864-1385,0.278
0278-4319,3.445
0958-5192,2.425
1044-7318,1.2590000000000001
1748-3735,1.3330000000000002
0163-8548,0.5820000000000001
0046-3892,0.968
1047-482X,1.432
1433-5158,0.8
1139-7241,0.6940000000000001
1465-0045,1.8519999999999999
0016-8076,1.379
0197-3975,3.0
0210-1173,0.14
1477-7517,2.5
0729-4360,2.006
1099-2340,2.449
2047-3869,0.5
1081-602X,0.456
0952-6951,0.35100000000000003
0309-1317,2.239
0147-5479,0.429
0020-7780,0.9640000000000001
0921-5077,0.303
0883-0355,1.138
0147-1767,1.58
1368-2822,1.508
1756-0616,0.6579999999999999
1360-9939,0.429
0143-7720,0.6609999999999999
0954-0253,0.943
0968-6673,1.88
1474-2640,1.1179999999999999
0265-5012,0.319
0161-2840,0.825
2397-0022,0.133
1088-3576,0.9590000000000001
0197-4572,1.541
0361-6274,2.477
1833-3583,1.393
2211-8837,1.013
1871-0131,0.8
1568-4849,0.315
1038-5282,0.858
0004-9670,0.5
1326-0200,1.889
0306-9885,0.907
1359-107X,2.7060000000000004
0265-0517,0.9440000000000001
0301-0511,2.891
0301-0511,2.891
0007-1269,2.5069999999999997
0141-6200,0.579
1527-7941,1.3769999999999998
0002-7162,2.401
0883-6612,3.1180000000000003
0027-9048,0.5
0002-7642,1.749
0003-6870,2.435
1362-3613,3.906
0897-1897,1.136
0140-525X,15.071
0198-7429,1.161
1381-1118,2.36
1134-2277,0.262
0142-5692,1.504
1746-918X,0.846
1072-0847,0.792
0735-3936,1.0590000000000002
0020-7640,1.6130000000000002
1054-8289,1.588
1463-7154,1.308
0964-4733,5.355
1558-9080,4.686
1012-8255,0.617
0001-4575,2.5839999999999996
0001-4788,1.271
0810-5391,1.537
0164-0364,0.4
1945-7731,3.929
1318-0185,0.523
1216-8076,0.233
2161-783X,1.876
2333-9691,2.0
0003-0554,3.252
0066-6939,0.28600000000000003
0018-7259,0.9390000000000001
1053-4822,3.2760000000000002
0275-0392,0.794
1747-9541,0.856
1941-1340,2.022
1941-1340,2.022
1090-0586,1.347
1467-6370,1.876
0093-934X,2.8510000000000004
0007-4918,1.829
0102-311X,0.971
1122-5165,0.115
0008-1256,3.302
0305-764X,1.7930000000000001
1752-1378,3.968
0825-0383,0.674
1360-7863,2.6630000000000003
1382-5585,1.845
0003-5491,0.738
0311-6999,1.104
0004-9182,1.35
0003-598X,1.656
0003-6056,1.455
0025-9284,0.743
1355-5855,1.204
1608-1625,0.478
2041-9945,0.355
0813-0531,0.511
0312-5033,0.547
0312-8962,1.15
0829-5735,0.488
0708-5591,1.324
1755-6171,0.8959999999999999
0954-0121,1.994
1088-0224,1.5119999999999998
1529-7489,1.031
0570-1864,1.3359999999999999
0003-9756,0.9620000000000001
0117-1968,0.311
1035-7823,0.5760000000000001
